Coordinates,Exposure of S. caninervis,Number of S. caninervis sporophytes,Stem height,Stem height:  exposed,Stem height: shaded,Number of inflorescences,No. Infl. per expressing ramet: exposed,No. Infl. per expressing ramet: shaded,"Sex (M,F,S)",Stem height sorted,No.  inflor by sorted st ht,No.  inflor sorted,St ht sorted by no. infl,Syntrichia caninervis cover,Syntrichia ruralis cover,Bryum algovicum cover,Bryum argenteum cover,Pterogoneurum spp. cover,Grimmia cover,Unknown sp. cover,Total bryophyte cover,Total lichen cover,Total cryptogam cover,,
T1 15,,,,,,,,,,,,,,0%,0%,10%,0%,0%,0%,0%,10%,0%,10%,,
T1 30,I,0,2.9,2,2.9,0,1,1,S,0.5,0,0,0.5,5%,0%,0%,0%,0%,0%,0%,5.00%,0%,5%,,
T1 30,I,,1.7,2.6,1.7,0,1,1,S,0.5,0,0,0.5,,,,,,,,,,,,
T1 30,I,,1.5,1.9,1.5,0,1,1,S,0.5,0,0,0.5,,,,,,,,,,,,
T1 30,I,,2,2.2,2,0,1,1,S,0.5,0,0,0.5,,,,,,,,,,,,
T1 30,I,,2.9,1.9,2.9,0,1,1,S,0.6,0,0,0.6,,,,,,,,,,,,
T1 30,I,,3.1,2,3.1,1,2,1,F,0.6,0,0,0.6,,,,,,,,,,,,
T1 30,I,,2.1,2.3,2.1,0,1,1,S,0.6,0,0,0.6,,,,,,,,,,,,
T1 30,I,,2.8,1.2,2.8,0,2,2,S,0.6,0,0,0.6,,,,,,,,,,,,
T1 30,I,,2,1.8,2,0,1,1,S,0.6,0,0,0.6,,,,,,,,,,,,
T1 30,I,,2,1.9,2,0,2,1,S,0.6,0,0,0.6,,,,,,,,,,,,
T1 45,I,0,1.8,2.3,1.8,0,1,1,S,0.6,0,0,0.6,10%,0%,0%,0%,2.5%,0%,0%,12.50%,0%,13%,,
T1 45,I,,1.2,2.3,1.2,0,1,1,S,0.7,0,0,0.7,,,,,,,,,,,,
T1 45,I,,1.4,1.5,1.4,0,1,1,S,0.7,0,0,0.7,,,,,,,,,,,,
T1 45,I,,1.3,1.1,1.3,0,1,1,S,0.7,0,0,0.7,,,,,,,,,,,,
T1 45,I,,1.8,1.7,1.8,0,1,1,S,0.7,0,0,0.7,,,,,,,,,,,,
T1 45,I,,1.3,1.6,1.3,0,1,1,S,0.8,0,0,0.8,,,,,,,,,,,,
T1 45,I,,1.1,2,1.1,0,1,1,S,0.8,0,0,0.8,,,,,,,,,,,,
T1 45,I,,1.8,2.2,1.8,0,1,1,S,0.8,0,0,0.8,,,,,,,,,,,,
T1 45,I,,1.1,1.6,1.1,0,1,1,S,0.8,0,0,0.8,,,,,,,,,,,,
T1 45,I,,1,2.5,1,0,1,1,S,0.8,0,0,0.8,,,,,,,,,,,,
T1 60,I,0,,2,,,1,1,,0.8,0,0,0.8,0%,0%,5%,0%,0%,0%,0%,5%,10%,15%,,
T1 75,I,0,1.6,1.3,1.6,0,1,1,S,0.8,0,0,0.8,40%,0%,0%,0%,0%,0%,0%,40%,20%,60%,,
T1 75,I,,1.8,1.5,1.8,0,1,1,S,0.8,0,0,0.8,,,,,,,,,,,,
T1 75,I,,1.9,2,1.9,0,1,1,S,0.8,0,0,0.8,,,,,,,,,,,,
T1 75,I,,1.7,1.8,1.7,0,1,1,S,0.8,1,0,0.8,,,,,,,,,,,,
T1 75,I,,1.9,2,1.9,0,1,1,S,0.8,0,0,0.8,,,,,,,,,,,,
T1 75,I,,0.8,1.1,0.8,0,1,1,S,0.8,0,0,0.8,,,,,,,,,,,,
T1 75,I,,1.8,1.3,1.8,0,1,1,S,0.8,0,0,0.8,,,,,,,,,,,,
T1 75,I,,2.2,1.4,2.2,0,1,1,S,0.8,0,0,0.8,,,,,,,,,,,,
T1 75,I,,2.1,1.7,2.1,0,1,2,S,0.8,0,0,0.8,,,,,,,,,,,,
T1 75,I,,1,1.8,1,0,,1,S,0.8,0,0,0.8,,,,,,,,,,,,
T1 90,,0,,1.7,,,,1,,0.8,0,0,0.8,0%,0%,0%,0%,0%,0%,0%,0%,0%,0%,,
T1 105,I,0,1.5,1.3,1.5,0,,1,S,0.8,0,0,0.9,5%,0%,0%,0%,0%,0%,0%,5%,2.5%,7.5%,,
T1 105,I,,3,1.4,3,1,,1,F,0.9,0,0,0.9,,,,,,,,,,,,
T1 105,I,,1.6,2,1.6,0,,1,S,0.9,0,0,0.9,,,,,,,,,,,,
T1 105,I,,1.9,2.2,1.9,0,,1,S,0.9,0,0,0.9,,,,,,,,,,,,
T1 105,I,,1.5,1.5,1.5,0,,1,S,0.9,0,0,0.9,,,,,,,,,,,,
T1 105,I,,2.8,1.6,2.8,0,,3,S,0.9,0,0,0.9,,,,,,,,,,,,
T1 105,I,,1.9,1.6,1.9,0,,1,S,0.9,0,0,0.9,,,,,,,,,,,,
T1 105,I,,1.8,1.2,1.8,0,,1,S,0.9,0,0,0.9,,,,,,,,,,,,
T1 105,I,,2,2.2,2,0,,3,S,0.9,0,0,0.9,,,,,,,,,,,,
T1 105,I,,1.6,2.3,1.6,0,,1,S,0.9,0,0,0.9,,,,,,,,,,,,
T1 120,,0,,1.8,,,,2,,0.9,0,0,0.9,0%,0%,0%,0%,0%,0%,0%,0%,0%,0%,,
T1 135,I,0,1.8,1.3,1.8,0,,1,S,0.9,0,0,0.9,30%,0%,0%,0%,0%,0%,0%,30%,2.5%,32.5%,,
T1 135,I,,1.9,1.9,1.9,0,,3,S,0.9,1,0,0.9,,,,,,,,,,,,
T1 135,I,,1.6,2.3,1.6,0,,1,S,0.9,0,0,0.9,,,,,,,,,,,,
T1 135,I,,2.1,2,2.1,0,,1,S,0.9,0,0,0.9,,,,,,,,,,,,
T1 135,I,,1.6,1.1,1.6,0,,2,S,0.9,0,0,1,,,,,,,,,,,,
T1 135,I,,1.9,1.2,1.9,0,,1,S,0.9,0,0,1,,,,,,,,,,,,
T1 135,I,,1.9,1.1,1.9,0,,4,S,1,0,0,1,,,,,,,,,,,,
T1 135,I,,2.1,,2.1,0,,1,S,1,0,0,1,,,,,,,,,,,,
T1 135,I,,1.6,,1.6,0,,1,S,1,0,0,1,,,,,,,,,,,,
T1 135,I,,1.9,,1.9,0,,3,S,1,0,0,1,,,,,,,,,,,,
T1 150,I,0,1.4,,1.4,0,,2,S,1,0,0,1,5%,0%,2.50%,0%,0%,0%,0%,7.50%,40%,47.5%,,
T1 150,I,,1.4,1.4,1.4,0,,2,S,1,0,0,1,,,,,,,,,,,,
T1 150,I,,1.3,2,1.3,0,,1,S,1,0,0,1,,,,,,,,,,,,
T1 150,I,,1.2,1.8,1.2,0,,1,S,1,0,0,1,,,,,,,,,,,,
T1 150,I,,1.3,1.3,1.3,0,,1,S,1,0,0,1,,,,,,,,,,,,
T1 150,I,,1.1,1.7,1.1,0,,1,S,1,0,0,1,,,,,,,,,,,,
T1 150,I,,0.6,1.8,0.6,0,,1,S,1,0,0,1,,,,,,,,,,,,
T1 150,I,,1,1.2,1,0,,1,S,1,0,0,1,,,,,,,,,,,,
T1 150,I,,0.9,1.3,0.9,0,,1,S,1,0,0,1,,,,,,,,,,,,
T1 150,I,,0.8,1.7,0.8,0,,1,S,1,0,0,1,,,,,,,,,,,,
T1 165,I,0,1.2,1.1,1.2,0,,1,S,1,0,0,1,2.50%,0%,0%,0%,0%,0%,0%,2.50%,20%,22.5%,,
T1 165,I,,1,1.7,1,0,,1,S,1,0,0,1,,,,,,,,,,,,
T1 165,I,,1.2,1.9,1.2,0,,1,S,1,0,0,1,,,,,,,,,,,,
T1 165,I,,1,1.5,1,0,,2,S,1,0,0,1,,,,,,,,,,,,
T1 165,I,,0.8,1.4,0.8,0,,2,S,1,0,0,1,,,,,,,,,,,,
T1 165,I,,1.1,1.3,1.1,0,,1,S,1,0,0,1,,,,,,,,,,,,
T1 165,I,,1,1.2,1,0,,1,S,1,0,0,1,,,,,,,,,,,,
T1 165,I,,1.2,1,1.2,0,,1,S,1,0,0,1,,,,,,,,,,,,
T1 165,I,,1.2,1.3,1.2,0,,1,S,1,1,0,1,,,,,,,,,,,,
T1 165,I,,0.6,1.2,0.6,0,,1,S,1,1,0,1,,,,,,,,,,,,
T1 180,I,0,1.5,1.1,1.5,0,,1,S,1,0,0,1,10%,0%,0%,0%,0%,0%,0%,10%,20%,30%,,
T1 180,I,,1.6,,1.6,0,,1,S,1,1,0,1,,,,,,,,,,,,
T1 180,I,,1.3,1.9,1.3,0,,1,S,1,0,0,1.1,,,,,,,,,,,,
T1 180,I,,1.9,0.9,1.9,0,,1,S,1,0,0,1.1,,,,,,,,,,,,
T1 180,I,,1.7,1.3,1.7,0,,1,S,1,0,0,1.1,,,,,,,,,,,,
T1 180,I,,0.9,1.2,0.9,0,,1,S,1,0,0,1.1,,,,,,,,,,,,
T1 180,I,,2.5,0.9,2.5,0,,2,S,1,0,0,1.1,,,,,,,,,,,,
T1 180,I,,2,0.8,2,0,,1,S,1,1,0,1.1,,,,,,,,,,,,
T1 180,I,,0.8,0.9,0.8,0,,1,S,1.1,0,0,1.1,,,,,,,,,,,,
T1 180,I,,0.5,1.1,0.5,0,,1,S,1.1,0,0,1.1,,,,,,,,,,,,
T1 195,I,0,1.1,1.9,1.1,0,,1,S,1.1,0,0,1.1,2.50%,0%,0%,0%,0%,0%,0%,2.50%,10%,12.5%,,
T1 195,I,,1.4,1.2,1.4,0,,2,S,1.1,0,0,1.1,,,,,,,,,,,,
T1 195,I,,0.7,1.9,0.7,0,,2,S,1.1,0,0,1.1,,,,,,,,,,,,
T1 195,I,,1.1,2.2,1.1,0,,1,S,1.1,0,0,1.1,,,,,,,,,,,,
T1 195,I,,1.6,1.8,1.6,0,,1,S,1.1,0,0,1.1,,,,,,,,,,,,
T1 195,I,,1.3,1.6,1.3,0,,2,S,1.1,0,0,1.1,,,,,,,,,,,,
T1 195,I,,0.9,2,0.9,0,,2,S,1.1,0,0,1.1,,,,,,,,,,,,
T1 195,I,,1.5,1.5,1.5,0,,1,S,1.1,0,0,1.1,,,,,,,,,,,,
T1 195,I,,1.2,1.6,1.2,0,,1,S,1.1,0,0,1.1,,,,,,,,,,,,
T1 195,I,,0.8,1.5,0.8,0,,1,S,1.1,0,0,1.1,,,,,,,,,,,,
T1 210,I,0,1.5,1,1.5,0,,1,S,1.1,0,0,1.1,20%,0%,0%,0%,0%,0%,0%,20%,0%,20%,,
T1 210,I,,1.5,1.2,1.5,0,,1,S,1.1,0,0,1.1,,,,,,,,,,,,
T1 210,I,,1.9,1.9,1.9,0,,1,S,1.1,0,0,1.1,,,,,,,,,,,,
T1 210,I,,2,1.5,2,0,,1,S,1.1,0,0,1.1,,,,,,,,,,,,
T1 210,I,,1.7,2.5,1.7,0,,1,S,1.1,0,0,1.1,,,,,,,,,,,,
T1 210,I,,1.5,1.8,1.5,0,,1,S,1.1,0,0,1.1,,,,,,,,,,,,
T1 210,I,,2.1,1.7,2.1,0,,1,S,1.1,0,0,1.1,,,,,,,,,,,,
T1 210,I,,0.9,1.8,0.9,0,,1,S,1.1,0,0,1.1,,,,,,,,,,,,
T1 210,I,,1,2,1,0,,1,S,1.1,0,0,1.1,,,,,,,,,,,,
T1 210,I,,1.3,1.8,1.3,0,,1,S,1.1,2,0,1.1,,,,,,,,,,,,
T1 225,,0,,1.5,,,,1,,1.1,0,0,1.2,0%,0%,0%,0%,0%,0%,0%,0%,2.5%,2.5%,,
T1 240,I,0,3,2,3,1,,1,F,1.1,0,0,1.2,30%,0%,0%,0%,0%,0%,0%,30%,0%,30%,,
T1 240,I,,3,1.5,3,0,,1,S,1.1,0,0,1.2,,,,,,,,,,,,
T1 240,I,,1.7,1,1.7,1,,1,F,1.1,0,0,1.2,,,,,,,,,,,,
T1 240,I,,1.9,1.2,1.9,0,,,S,1.1,0,0,1.2,,,,,,,,,,,,
T1 240,I,,2.4,1.1,2.4,1,,,F,1.1,0,0,1.2,,,,,,,,,,,,
T1 240,I,,2.8,1.6,2.8,1,,,F,1.1,0,0,1.2,,,,,,,,,,,,
T1 240,I,,2.8,1.3,2.8,0,,,S,1.2,0,0,1.2,,,,,,,,,,,,
T1 240,I,,2.2,1.2,2.2,0,,,S,1.2,0,0,1.2,,,,,,,,,,,,
T1 240,I,,2.6,1.5,2.6,0,,,S,1.2,0,0,1.2,,,,,,,,,,,,
T1 240,I,,2.4,1,2.4,0,,,S,1.2,0,0,1.2,,,,,,,,,,,,
T2 15,,0,,0.9,,,,,,1.2,0,0,1.2,0%,0%,0%,0%,0%,0%,0%,0%,2.5%,2.5%,,
T2 30,U,0,2.7,2.2,2.7,0,,,S,1.2,0,0,1.2,2.50%,0%,0%,0%,0%,0%,0%,2.50%,0%,2.5%,,
T2 30,U,,4,1.8,4,0,,,S,1.2,0,0,1.2,,,,,,,,,,,,
T2 30,U,,2.2,2.2,2.2,0,,,S,1.2,0,0,1.2,,,,,,,,,,,,
T2 30,U,,3.3,2.5,3.3,0,,,S,1.2,0,0,1.2,,,,,,,,,,,,
T2 30,U,,3.3,2,3.3,0,,,S,1.2,0,0,1.2,,,,,,,,,,,,
T2 30,U,,2.4,2.6,2.4,0,,,S,1.2,0,0,1.2,,,,,,,,,,,,
T2 30,U,,2.9,2,2.9,0,,,S,1.2,0,0,1.2,,,,,,,,,,,,
T2 30,U,,2.4,2.9,2.4,0,,,S,1.2,0,0,1.2,,,,,,,,,,,,
T2 30,U,,3.9,2.9,3.9,1,,,M,1.2,0,0,1.2,,,,,,,,,,,,
T2 30,U,,2.3,2,2.3,0,,,S,1.2,0,0,1.2,,,,,,,,,,,,
T2 45,U,0,1.4,2,1.4,0,,,S,1.2,0,0,1.2,2.50%,0%,0%,0%,2.50%,0%,0%,5.00%,0%,5%,,
T2 45,U,,1.7,2.6,1.7,0,,,S,1.2,0,0,1.2,,,,,,,,,,,,
T2 45,U,,1.1,1.8,1.1,0,,,S,1.2,0,0,1.2,,,,,,,,,,,,
T2 45,U,,1.6,1.6,1.6,0,,,S,1.2,0,0,1.2,,,,,,,,,,,,
T2 45,U,,0.9,1.5,0.9,0,,,S,1.2,0,0,1.2,,,,,,,,,,,,
T2 45,U,,1.6,2,1.6,0,,,S,1.2,0,0,1.2,,,,,,,,,,,,
T2 45,U,,1.1,1,1.1,0,,,S,1.2,0,0,1.2,,,,,,,,,,,,
T2 45,U,,1,1.3,1,0,,,S,1.2,0,0,1.2,,,,,,,,,,,,
T2 45,U,,1,1,1,0,,,S,1.2,0,0,1.2,,,,,,,,,,,,
T2 45,U,,1.5,1,1.5,0,,,S,1.2,0,0,1.2,,,,,,,,,,,,
T2 60,I,0,3.2,1.6,3.2,2,,,F,1.2,0,0,1.2,10%,0%,0%,0%,0%,0%,0%,10%,2.5%,12.5%,,
T2 60,I,,3.2,1.4,3.2,0,,,S,1.2,0,0,1.2,,,,,,,,,,,,
T2 60,I,,3.4,1.6,3.4,1,,,F,1.2,0,0,1.2,,,,,,,,,,,,
T2 60,I,,2.6,1.7,2.6,1,,,F,1.2,0,0,1.2,,,,,,,,,,,,
T2 60,I,,2.6,1.8,2.6,0,,,S,1.2,0,0,1.2,,,,,,,,,,,,
T2 60,I,,2.8,2.1,2.8,1,,,F,1.2,0,0,1.2,,,,,,,,,,,,
T2 60,I,,2.8,0.9,2.8,1,,,F,1.2,0,0,1.2,,,,,,,,,,,,
T2 60,I,,2.1,1.7,2.1,0,,,S,1.2,0,0,1.2,,,,,,,,,,,,
T2 60,I,,2.4,1,2.4,1,,,F,1.2,0,0,1.2,,,,,,,,,,,,
T2 60,I,,1.8,1.3,1.8,0,,,S,1.2,0,0,1.2,,,,,,,,,,,,
T2 75,O,0,2,2.6,2.2,0,,,S,1.2,0,0,1.2,2.50%,0%,0%,0%,0%,0%,0%,2.50%, 2.5 ,5%,,
T2 75,O,,2.6,2.2,1.7,0,,,S,1.2,0,0,1.2,,,,,,,,,,,,
T2 75,O,,1.9,2.2,2.6,0,,,S,1.2,0,0,1.2,,,,,,,,,,,,
T2 75,O,,2.2,1.8,2,0,,,S,1.2,0,0,1.3,,,,,,,,,,,,
T2 75,O,,1.9,2.2,2,0,,,S,1.2,0,0,1.3,,,,,,,,,,,,
T2 75,O,,2,2.3,2.8,0,,,S,1.2,0,0,1.3,,,,,,,,,,,,
T2 75,O,,2.3,1.7,3.2,0,,,S,1.2,0,0,1.3,,,,,,,,,,,,
T2 75,O,,1.2,1.5,1.8,0,,,S,1.2,0,0,1.3,,,,,,,,,,,,
T2 75,O,,1.8,1.8,2,0,,,S,1.2,0,0,1.3,,,,,,,,,,,,
T2 75,O,,1.9,2.2,1.6,0,,,S,1.2,0,0,1.3,,,,,,,,,,,,
T2 90,O,0,2.3,2.5,2.2,1,,,F,1.3,0,0,1.3,2.50%,2.50%,2.50%,0%,0%,0%,0%,7.50%,5%,12.5%,,
T2 90,O,,2.3,2.4,2.3,0,,,S,1.3,0,0,1.3,,,,,,,,,,,,
T2 90,O,,1.5,1.4,2,0,,,S,1.3,0,0,1.3,,,,,,,,,,,,
T2 90,O,,1.1,2.1,2.4,0,,,S,1.3,0,0,1.3,,,,,,,,,,,,
T2 90,O,,1.7,2,2.3,0,,,S,1.3,0,0,1.3,,,,,,,,,,,,
T2 90,O,,1.6,2,1.9,0,,,S,1.3,0,0,1.3,,,,,,,,,,,,
T2 90,O,,2,1.5,2.5,0,,,S,1.3,0,0,1.3,,,,,,,,,,,,
T2 90,O,,2.2,1.5,1.5,0,,,S,1.3,0,0,1.3,,,,,,,,,,,,
T2 90,O,,1.6,1.8,1.5,0,,,S,1.3,0,0,1.3,,,,,,,,,,,,
T2 90,O,,2.5,1.8,2,0,,,S,1.3,0,0,1.3,,,,,,,,,,,,
T2 105 ,O,0,2,3.2,1.8,0,,,S,1.3,0,0,1.3,10%,0%,0%,2.50%,0%,0%,0%,13%,2.5%,15.5%,,
T2 105 ,O,,1.3,2.7,1.8,0,,,S,1.3,0,0,1.3,,,,,,,,,,,,
T2 105 ,O,,1.5,2.8,2.4,0,,,S,1.3,0,0,1.3,,,,,,,,,,,,
T2 105 ,O,,2,2.8,1.9,0,,,S,1.3,0,0,1.3,,,,,,,,,,,,
T2 105 ,O,,1.8,1.3,1.5,0,,,S,1.3,0,0,1.3,,,,,,,,,,,,
T2 105 ,O,,2,1.2,1.8,0,,,S,1.3,0,0,1.3,,,,,,,,,,,,
T2 105 ,O,,1.1,2,1.8,0,,,S,1.3,0,0,1.3,,,,,,,,,,,,
T2 105 ,O,,1.3,1.5,1.3,0,,,S,1.3,0,0,1.3,,,,,,,,,,,,
T2 105 ,O,,1.4,1.2,1.4,0,,,S,1.3,0,0,1.3,,,,,,,,,,,,
T2 105 ,O,,1.7,1.2,1,0,,,S,1.3,0,0,1.3,,,,,,,,,,,,
T2 120,O,0,1.8,1.8,2.7,0,,,S,1.3,0,0,1.3,2.50%,0%,0%,0%,0%,0%,0%,2.50%,5%,7.5%,,
T2 120,O,,1.7,1.6,1.9,0,,,S,1.3,0,0,1.3,,,,,,,,,,,,
T2 120,O,,1.3,1.5,2.4,0,,,S,1.3,0,0,1.3,,,,,,,,,,,,
T2 120,O,,1.4,2.8,1.5,0,,,S,1.3,0,0,1.3,,,,,,,,,,,,
T2 120,O,,2,1.8,1.6,0,,,S,1.3,0,0,1.3,,,,,,,,,,,,
T2 120,O,,2.2,1.5,2.8,0,,,S,1.3,0,0,1.3,,,,,,,,,,,,
T2 120,O,,1.5,2,2.3,0,,,S,1.3,0,0,1.3,,,,,,,,,,,,
T2 120,O,,1.6,1.4,2.1,0,,,S,1.3,0,0,1.3,,,,,,,,,,,,
T2 120,O,,1.6,1.7,1.9,0,,,S,1.3,0,0,1.3,,,,,,,,,,,,
T2 120,O,,1.2,1.8,2.7,0,,,S,1.3,0,0,1.3,,,,,,,,,,,,
T2 135,O,0,2.2,1.2,1.2,0,,,S,1.3,0,0,1.3,2.5%,0%,0%,0%,0%,0%,0%,3%,0%,0.0%,,
T2 135,O,,2.3,2,0.8,0,,,S,1.3,0,0,1.3,,,,,,,,,,,,
T2 135,O,,1.8,1.7,1.3,0,,,S,1.3,0,0,1.3,,,,,,,,,,,,
T2 135,O,,1.3,1.9,1.2,0,,,S,1.3,0,0,1.3,,,,,,,,,,,,
T2 135,O,,1.9,1.2,1.2,0,,,S,1.3,0,0,1.4,,,,,,,,,,,,
T2 135,O,,2.3,1.8,2,0,,,S,1.3,0,0,1.4,,,,,,,,,,,,
T2 135,O,,2,1.2,1.3,0,,,S,1.3,0,0,1.4,,,,,,,,,,,,
T2 135,O,,1.1,1.3,1.6,0,,,S,1.3,0,0,1.4,,,,,,,,,,,,
T2 135,O,,1.2,1.4,1.3,0,,,S,1.3,0,0,1.4,,,,,,,,,,,,
T2 135,O,,1.1,1.7,1,0,,,S,1.3,0,0,1.4,,,,,,,,,,,,
T2 150,,0,,,2.5,,,,,1.3,0,0,1.4,0%,0%,0%,0%,0%,0%,0%,0%,0%,0.0%,,
T2 165,,0,,2.2,2.6,,,,,1.4,0,0,1.4,0%,0%,0%,0%,0%,0%,0%,0%,2.5%,2.5%,,
T2 180,,0,,2.9,2.1,,,,,1.4,0,0,1.4,0%,0%,0%,0%,0%,0%,0%,0%,2.5%,2.5%,,
T2 195,,0,,3,3.2,,,,,1.4,0,0,1.4,0%,0%,0%,0%,0%,0%,0%,0%,5%,5.0%,,
T2 210,O,0,1.4,2.9,2.1,0,,,S,1.4,0,0,1.4,3%,0%,0%,0%,0%,0%,0%,2.5%,10%,12.5%,,
T2 210,O,,2,1.5,2,0,,,S,1.4,0,0,1.4,,,,,,,,,,,,
T2 210,O,,1.8,3,2,0,,,S,1.4,0,0,1.4,,,,,,,,,,,,
T2 210,O,,1.3,2.1,2.5,0,,,S,1.4,0,0,1.4,,,,,,,,,,,,
T2 210,O,,1.7,2.1,2,0,,,S,1.4,0,0,1.4,,,,,,,,,,,,
T2 210,O,,1.8,2.9,2.6,0,,,S,1.4,0,0,1.4,,,,,,,,,,,,
T2 210,O,,1.2,2.5,2.2,0,,,S,1.4,0,0,1.4,,,,,,,,,,,,
T2 210,O,,1.3,2.3,2.3,0,,,S,1.4,0,0,1.4,,,,,,,,,,,,
T2 210,O,,1.7,2.2,2.9,0,,,S,1.4,0,0,1.4,,,,,,,,,,,,
T2 210,O,,1.1,1,3.2,0,,,S,1.4,1,0,1.4,,,,,,,,,,,,
T2 225,O,0,1.7,1.9,2,0,,,S,1.4,0,0,1.4,2.50%,0%,2.50%,0%,0%,0%,0%,5.00%,0%,5.0%,,
T2 225,O,,1.9,1.6,2.2,0,,,S,1.4,0,0,1.4,,,,,,,,,,,,
T2 225,O,,1.5,2.5,3,0,,,S,1.4,0,0,1.4,,,,,,,,,,,,
T2 225,O,,1.4,1.3,3,0,,,S,1.4,0,0,1.4,,,,,,,,,,,,
T2 225,O,,1.3,1.2,2.1,0,,,S,1.4,0,0,1.4,,,,,,,,,,,,
T2 225,O,,1.2,1.6,1.7,0,,,S,1.4,0,0,1.4,,,,,,,,,,,,
T2 225,O,,1,1.6,2.2,0,,,S,1.4,0,0,1.4,,,,,,,,,,,,
T2 225,O,,1.3,2.2,2.5,0,,,S,1.4,0,0,1.5,,,,,,,,,,,,
T2 225,O,,1.2,2.1,2.2,0,,,S,1.4,0,0,1.5,,,,,,,,,,,,
T2 225,O,,1.1,2,3.1,0,,,S,1.4,2,0,1.5,,,,,,,,,,,,
T2 240,,0,,1.4,1.9,,,,,1.4,0,0,1.5,0%,0%,0%,0%,0%,0%,0%,0%,10%,10.0%,,
T2 255,O,0,1.9,2.4,2,0,,,S,1.4,0,0,1.5,5%,0%,2.50%,0%,0%,0%,0%,8%,2.5%,10.5%,,
T2 255,O,,0.9,2.4,1.2,0,,,S,1.4,0,0,1.5,,,,,,,,,,,,
T2 255,O,,1.3,1.3,1.5,0,,,S,1.4,0,0,1.5,,,,,,,,,,,,
T2 255,O,,1.2,1.2,1.2,0,,,S,1.4,0,0,1.5,,,,,,,,,,,,
T2 255,O,,0.9,1.9,1.4,0,,,S,1.4,0,0,1.5,,,,,,,,,,,,
T2 255,O,,0.8,0.5,1.6,0,,,S,1.5,0,0,1.5,,,,,,,,,,,,
T2 255,O,,0.9,0.9,1.2,0,,,S,1.5,0,0,1.5,,,,,,,,,,,,
T2 255,O,,1.1,2,2.2,0,,,S,1.5,0,0,1.5,,,,,,,,,,,,
T2 255,O,,1.9,1.8,1.2,0,,,S,1.5,0,0,1.5,,,,,,,,,,,,
T2 255,O,,1.2,2,2,0,,,S,1.5,0,0,1.5,,,,,,,,,,,,
T2 270,O,0,1.9,2.5,0.8,0,,,S,1.5,0,0,1.5,5%,0%,0%,0%,0%,0%,0%,5%,0%,5.0%,,
T2 270,O,,2.2,2,2.1,1,,,F,1.5,0,0,1.5,,,,,,,,,,,,
T2 270,O,,1.8,1.3,1.3,0,,,S,1.5,0,0,1.5,,,,,,,,,,,,
T2 270,O,,1.6,1.6,1.8,0,,,S,1.5,0,0,1.5,,,,,,,,,,,,
T2 270,O,,2,1.1,0.7,0,,,S,1.5,0,0,1.5,,,,,,,,,,,,
T2 270,O,,1.5,0.6,,0,,,S,1.5,0,0,1.5,,,,,,,,,,,,
T2 270,O,,1.6,2.6,,0,,,S,1.5,0,0,1.5,,,,,,,,,,,,
T2 270,O,,1.5,2.3,3,0,,,S,1.5,0,0,1.5,,,,,,,,,,,,
T2 270,O,,1,1.5,2,0,,,S,1.5,0,0,1.5,,,,,,,,,,,,
T2 270,O,,1.2,2.8,2.2,0,,,S,1.5,0,0,1.5,,,,,,,,,,,,
T2 285,I,0,2.2,2.5,2.2,0,,,S,1.5,0,0,1.5,2.50%,0%,0%,0%,0%,0%,0%,2.50%,0%,2.5%,,
T2 285,I,,1.7,2.5,3,0,,,S,1.5,0,0,1.5,,,,,,,,,,,,
T2 285,I,,2.6,1.9,2,0,,,S,1.5,0,0,1.5,,,,,,,,,,,,
T2 285,I,,2,2,2.3,0,,,S,1.5,0,0,1.5,,,,,,,,,,,,
T2 285,I,,2,2.3,2.3,0,,,S,1.5,0,0,1.5,,,,,,,,,,,,
T2 285,I,,2.8,2,2,0,,,S,1.5,0,0,1.5,,,,,,,,,,,,
T2 285,I,,3.2,2.6,1.8,0,,,S,1.5,0,0,1.5,,,,,,,,,,,,
T2 285,I,,1.8,2.3,2.8,0,,,S,1.5,0,0,1.5,,,,,,,,,,,,
T2 285,I,,2,2.3,3.2,0,,,S,1.5,0,0,1.5,,,,,,,,,,,,
T2 285,I,,1.6,2.9,3,0,,,S,1.5,0,0,1.5,,,,,,,,,,,,
T2 300,,0,,2.6,2.8,,,,,1.5,0,0,1.5,0%,0%,2.50%,0%,0%,0%,0%,2.5%,10%,12.5%,,
T2 315,O,0,1.9,2.8,3,0,,,S,1.5,0,0,1.5,2.50%,0%,0%,0%,0%,0%,0%,2.5%,10%,12.5%,,
T2 315,O,,1.5,2.2,3,0,,,S,1.5,0,0,1.5,,,,,,,,,,,,
T2 315,O,,2.5,2.8,2.2,0,,,S,1.5,0,0,1.5,,,,,,,,,,,,
T2 315,O,,1.8,1.6,2.5,0,,,S,1.5,0,0,1.5,,,,,,,,,,,,
T2 315,O,,1.7,2.6,2.9,0,,,S,1.5,0,0,1.5,,,,,,,,,,,,
T2 315,O,,1.8,1.4,2.6,0,,,S,1.5,0,0,1.5,,,,,,,,,,,,
T2 315,O,,2,1.5,,0,,,S,1.5,0,0,1.5,,,,,,,,,,,,
T2 315,O,,1.8,1.4,,0,,,S,1.5,0,0,1.5,,,,,,,,,,,,
T2 315,O,,1.5,1.8,,0,,,S,1.5,0,0,1.5,,,,,,,,,,,,
T2 315,O,,2,1.9,,0,,,S,1.5,0,0,1.5,,,,,,,,,,,,
T2 330,U,0,2.2,1.1,,1,,,F,1.5,0,0,1.5,2.50%,0%,2.50%,0%,0%,0%,0%,5.00%,2.5%,7.5%,,
T2 330,U,,2.3,1.5,,1,,,F,1.5,0,0,1.5,,,,,,,,,,,,
T2 330,U,,2,1.1,,0,,,S,1.5,0,0,1.5,,,,,,,,,,,,
T2 330,U,,2.4,1.6,1.6,0,,,S,1.5,0,0,1.5,,,,,,,,,,,,
T2 330,U,,2.3,1,1.9,0,,,S,1.5,0,0,1.5,,,,,,,,,,,,
T2 330,U,,1.9,2.3,1.1,0,,,S,1.5,0,0,1.5,,,,,,,,,,,,
T2 330,U,,2.5,2,2.4,0,,,S,1.5,0,0,1.6,,,,,,,,,,,,
T2 330,U,,1.5,2,1.5,0,,,S,1.5,1,0,1.6,,,,,,,,,,,,
T2 330,U,,1.5,2.3,2,0,,,S,1.5,0,0,1.6,,,,,,,,,,,,
T2 330,U,,2,2.9,2.1,0,,,S,1.5,0,0,1.6,,,,,,,,,,,,
T2 345,I,0,1.8,2.2,2,0,,,S,1.5,0,0,1.6,40%,0%,2.50%,0%,0%,0%,0%,42.5%,0%,42.5%,,
T2 345,I,,1.8,2.2,2,0,,,S,1.5,0,0,1.6,,,,,,,,,,,,
T2 345,I,,2.4,2,1.5,0,,,S,1.5,0,0,1.6,,,,,,,,,,,,
T2 345,I,,1.9,1.6,,0,,,S,1.5,0,0,1.6,,,,,,,,,,,,
T2 345,I,,1.5,2.2,3.5,0,,,S,1.5,0,0,1.6,,,,,,,,,,,,
T2 345,I,,1.8,2.3,4.2,0,,,S,1.5,0,0,1.6,,,,,,,,,,,,
T2 345,I,,1.8,2.1,3,0,,,S,1.6,0,0,1.6,,,,,,,,,,,,
T2 345,I,,1.3,2,3.5,0,,,S,1.6,0,0,1.6,,,,,,,,,,,,
T2 345,I,,1.4,2.1,3.2,0,,,S,1.6,0,0,1.6,,,,,,,,,,,,
T2 345,I,,1,2.1,3.1,0,,,S,1.6,0,0,1.6,,,,,,,,,,,,
T2 360,U,0,2.7,2.4,3.3,0,,,S,1.6,0,0,1.6,2.50%,0%,0%,0%,0%,0%,0%,2.50%,2.5%,5.0%,,
T2 360,U,,1.9,1.8,3.5,1,,,F,1.6,0,0,1.6,,,,,,,,,,,,
T2 360,U,,2.4,1.8,3,0,,,S,1.6,0,0,1.6,,,,,,,,,,,,
T2 360,U,,1.5,2,2.9,0,,,S,1.6,0,0,1.6,,,,,,,,,,,,
T2 360,U,,1.6,1.8,,0,,,S,1.6,0,0,1.6,,,,,,,,,,,,
T2 360,U,,2.8,1.8,2.3,0,,,S,1.6,0,0,1.6,,,,,,,,,,,,
T2 360,U,,2.3,2,1.7,0,,,S,1.6,0,0,1.6,,,,,,,,,,,,
T2 360,U,,2.1,2.4,2,0,,,S,1.6,0,0,1.6,,,,,,,,,,,,
T2 360,U,,1.9,1.9,2.1,0,,,S,1.6,0,0,1.6,,,,,,,,,,,,
T2 360,U,,2.7,1.2,2.3,0,,,S,1.6,0,0,1.6,,,,,,,,,,,,
T2 375,U,0,1.2,1.6,2.1,0,,,S,1.6,0,0,1.6,5%,0%,0%,0%,0%,0%,0%,5%,10%,15.0%,,
T2 375,U,,0.8,1.9,2.3,0,,,S,1.6,0,0,1.6,,,,,,,,,,,,
T2 375,U,,1.3,2,2.5,0,,,S,1.6,0,0,1.6,,,,,,,,,,,,
T2 375,U,,1.2,1.4,1.9,0,,,S,1.6,0,0,1.6,,,,,,,,,,,,
T2 375,U,,1.2,1.2,2,0,,,S,1.6,0,0,1.6,,,,,,,,,,,,
T2 375,U,,2,1.3,,0,,,S,1.6,0,0,1.6,,,,,,,,,,,,
T2 375,U,,1.3,3,,0,,,S,1.6,0,0,1.6,,,,,,,,,,,,
T2 375,U,,1.6,2.4,2.3,0,,,S,1.6,0,0,1.6,,,,,,,,,,,,
T2 375,U,,1.3,1.6,3.4,0,,,S,1.6,0,0,1.6,,,,,,,,,,,,
T2 375,U,,1,2,3.1,0,,,S,1.6,0,0,1.6,,,,,,,,,,,,
T2 390,O,0,1.5,1.9,1.8,0,,,S,1.6,0,0,1.6,2.50%,0%,0%,2.50%,2.50%,0%,0%,7.50%,2.5%,10.0%,,
T2 390,O,,1,2.3,2.8,0,,,S,1.6,0,0,1.6,,,,,,,,,,,,
T2 390,O,,1.2,1.2,2.6,0,,,S,1.6,0,0,1.6,,,,,,,,,,,,
T2 390,O,,1.1,0.6,2.2,0,,,S,1.6,0,0,1.6,,,,,,,,,,,,
T2 390,O,,1.6,1.3,2.1,0,,,S,1.6,0,0,1.6,,,,,,,,,,,,
T2 390,O,,1.3,1.3,2.3,0,,,S,1.6,0,0,1.6,,,,,,,,,,,,
T2 390,O,,1.2,1.7,2.2,0,,,S,1.6,0,0,1.6,,,,,,,,,,,,
T2 390,O,,1.5,2,,0,,,S,1.6,0,0,1.6,,,,,,,,,,,,
T2 390,O,,1,2.2,,0,,,S,1.6,0,0,1.6,,,,,,,,,,,,
T2 390,O,,0.9,2,,0,,,S,1.6,0,0,1.6,,,,,,,,,,,,
T2 405,U,0,2.5,0.7,,0,,,S,1.6,0,0,1.6,2.50%,0%,0%,0%,0%,0%,0%,2.50%,2.5%,5.0%,,
T2 405,U,,2.6,0.8,2.9,0,,,S,1.6,0,0,1.6,,,,,,,,,,,,
T2 405,U,,2.1,0.9,3.1,0,,,S,1.6,0,0,1.6,,,,,,,,,,,,
T2 405,U,,3.2,1.8,2.9,1,,,F,1.6,0,0,1.7,,,,,,,,,,,,
T2 405,U,,2.1,1.8,3,0,,,S,1.6,0,0,1.7,,,,,,,,,,,,
T2 405,U,,2,1.8,2.7,0,,,S,1.6,0,0,1.7,,,,,,,,,,,,
T2 405,U,,2,1.3,2.3,0,,,S,1.6,0,0,1.7,,,,,,,,,,,,
T2 405,U,,2.5,1.8,2.1,0,,,S,1.6,0,0,1.7,,,,,,,,,,,,
T2 405,U,,2,1.3,2.3,0,,,S,1.6,0,0,1.7,,,,,,,,,,,,
T2 405,U,,2.6,1.7,2.8,0,,,S,1.6,0,0,1.7,,,,,,,,,,,,
T2 420,U,0,,1.9,1.4,,,,,1.6,0,0,1.7,0%,0%,0%,0%,0%,0%,0%,0%,2.5%,2.5%,,
T2 435,O,0,2.2,1.8,2.6,0,,,S,1.6,0,0,1.7,30%,0%,0%,0%,0%,0%,0%,0%,0%,0.0%,,
T2 435,O,,1.8,1.7,2.8,0,,,S,1.6,0,0,1.7,,,,,,,,,,,,
T2 435,O,,2.2,1.6,2.8,0,,,S,1.7,0,0,1.7,,,,,,,,,,,,
T2 435,O,,2.5,1.2,2.9,1,,,F,1.7,0,0,1.7,,,,,,,,,,,,
T2 435,O,,2,,2.3,0,,,S,1.7,0,0,1.7,,,,,,,,,,,,
T2 435,O,,2.6,,2.8,1,,,F,1.7,0,0,1.7,,,,,,,,,,,,
T2 435,O,,2,1.3,2.8,0,,,S,1.7,1,0,1.7,,,,,,,,,,,,
T2 435,O,,2.9,1,2.7,0,,,S,1.7,0,0,1.7,,,,,,,,,,,,
T2 435,O,,2.9,2.1,2.8,0,,,S,1.7,0,0,1.7,,,,,,,,,,,,
T2 435,O,,2,2.3,2.8,0,,,S,1.7,0,0,1.7,,,,,,,,,,,,
T2 450,,0,,1.5,2.5,,,,,1.7,0,0,1.7,0%,0%,0%,0%,0%,0%,0%,0%,2.5%,2.5%,,
T2 465,I,0,2.2,0.8,2,0,,,S,1.7,0,0,1.7,20%,0%,5,0%,0%,0%,0%,3%,0%,2.5%,,
T2 465,I,,2.3,1.4,1.8,0,,,S,1.7,0,0,1.7,,,,,,,,,,,,
T2 465,I,,2.9,1.8,2.1,0,,,S,1.7,0,0,1.7,,,,,,,,,,,,
T2 465,I,,3.2,1.2,2.4,1,,,F,1.7,0,0,1.7,,,,,,,,,,,,
T2 465,I,,2,1.1,2.5,0,,,S,1.7,0,0,1.7,,,,,,,,,,,,
T2 465,I,,2.2,,1.8,0,,,S,1.7,0,0,1.7,,,,,,,,,,,,
T2 465,I,,3,,1.6,0,,,S,1.7,0,0,1.7,,,,,,,,,,,,
T2 465,I,,3,,2.4,0,,,S,1.7,0,0,1.7,,,,,,,,,,,,
T2 465,I,,2.1,,1.5,0,,,S,1.7,0,0,1.7,,,,,,,,,,,,
T2 465,I,,1.7,,1.7,0,,,S,1.7,0,0,1.8,,,,,,,,,,,,
T2 480,,0,,,1.9,,,,,1.7,0,0,1.8,0%,0%,0%,0%,0%,0%,0%,0%,0%,0.0%,,
T2 495,,0,,,1.6,,,,,1.7,0,0,1.8,0%,0%,0%,0%,0%,0%,0%,0%,0%,0.0%,,
T2 510,,0,,,1.9,,,,,1.7,0,0,1.8,0%,0%,0%,0%,0%,0%,0%,0%,5%,5.0%,,
T2 525,,0,,,2.5,,,,,1.7,0,0,1.8,0%,0%,0%,0%,0%,0%,0%,0%,0%,0.0%,,
T2 540,,0,,,1.8,,,,,1.7,0,0,1.8,0%,0%,0%,0%,0%,0%,0%,0%,2.5%,2.5%,,
T2 555,O,0,2,,1.3,0,,,S,1.7,0,0,1.8,20%,0%,0%,0%,0%,0%,0%,20%,2.5%,22.5%,,
T2 555,O,,2.6,,1.6,0,,,S,1.7,1,0,1.8,,,,,,,,,,,,
T2 555,O,,1.8,,1.7,0,,,S,1.7,0,0,1.8,,,,,,,,,,,,
T2 555,O,,1.6,,1.6,0,,,S,1.7,0,0,1.8,,,,,,,,,,,,
T2 555,O,,1.5,,3.6,0,,,S,1.7,0,0,1.8,,,,,,,,,,,,
T2 555,O,,2,,2.9,0,,,S,1.7,0,0,1.8,,,,,,,,,,,,
T2 555,O,,1,,1.6,0,,,S,1.8,0,0,1.8,,,,,,,,,,,,
T2 555,O,,1.3,,1.9,0,,,S,1.8,0,0,1.8,,,,,,,,,,,,
T2 555,O,,1,,2,0,,,S,1.8,0,0,1.8,,,,,,,,,,,,
T2 555,O,,1,,1.8,0,,,S,1.8,0,0,1.8,,,,,,,,,,,,
T2 570,O,0,1.6,,3.7,0,,,S,1.8,0,0,1.8,5%,0%,2.50%,0%,0%,0%,0%,7.5%,30%,37.5%,,
T2 570,O,,1.4,,1,0,,,S,1.8,0,0,1.8,,,,,,,,,,,,
T2 570,O,,1.6,,1.1,0,,,S,1.8,0,0,1.8,,,,,,,,,,,,
T2 570,O,,1.7,,1.2,0,,,S,1.8,0,0,1.8,,,,,,,,,,,,
T2 570,O,,1.8,,4,0,,,S,1.8,0,0,1.8,,,,,,,,,,,,
T2 570,O,,2.1,,3,0,,,S,1.8,0,0,1.8,,,,,,,,,,,,
T2 570,O,,0.9,,2.5,0,,,S,1.8,0,0,1.8,,,,,,,,,,,,
T2 570,O,,1.7,,3.6,0,,,S,1.8,0,0,1.8,,,,,,,,,,,,
T2 570,O,,1,,1.9,0,,,S,1.8,0,0,1.8,,,,,,,,,,,,
T2 570,O,,1.3,,2.6,0,,,S,1.8,0,0,1.8,,,,,,,,,,,,
T2 585,I,0,2.2,,3.2,0,,,S,1.8,0,0,1.8,2.50%,0%,2.50%,2.50%,0%,0%,0%,7.50%,2.5%,10.0%,,
T2 585,I,,2.5,,3.1,0,,,S,1.8,0,0,1.8,,,,,,,,,,,,
T2 585,I,,2.2,,1.4,0,,,S,1.8,0,0,1.8,,,,,,,,,,,,
T2 585,I,,3.1,,2.3,0,,,S,1.8,0,0,1.8,,,,,,,,,,,,
T2 585,I,,1.9,,2.8,0,,,S,1.8,0,0,1.8,,,,,,,,,,,,
T2 585,I,,2,,2.2,0,,,S,1.8,0,0,1.8,,,,,,,,,,,,
T2 585,I,,1.2,,2.4,0,,,S,1.8,0,0,1.8,,,,,,,,,,,,
T2 585,I,,1.5,,2.8,0,,,S,1.8,0,0,1.8,,,,,,,,,,,,
T2 585,I,,1.2,,2.5,0,,,S,1.8,0,0,1.8,,,,,,,,,,,,
T2 585,I,,1.4,,1.5,0,,,S,1.8,0,0,1.8,,,,,,,,,,,,
T2 600,I,0,1.6,,2,0,,,S,1.8,0,0,1.8,20%,0%,0%,0%,0%,0%,0%,20%,0%,20.0%,,
T2 600,I,,1.2,,2.3,0,,,S,1.8,0,0,1.8,,,,,,,,,,,,
T2 600,I,,2.2,,1.9,0,,,S,1.8,0,0,1.8,,,,,,,,,,,,
T2 600,I,,1.2,,1.8,0,,,S,1.8,0,0,1.8,,,,,,,,,,,,
T2 600,I,,2,,1.5,0,,,S,1.8,0,0,1.8,,,,,,,,,,,,
T2 600,I,,0.8,,2.5,0,,,S,1.8,0,0,1.8,,,,,,,,,,,,
T2 600,I,,2.1,,1.9,0,,,S,1.8,0,0,1.8,,,,,,,,,,,,
T2 600,I,,1.3,,2.1,0,,,S,1.8,0,0,1.8,,,,,,,,,,,,
T2 600,I,,1.8,,2,0,,,S,1.8,0,0,1.8,,,,,,,,,,,,
T2 600,I,,0.7,,2.3,0,,,S,1.8,0,0,1.8,,,,,,,,,,,,
T2 615,,0,,,2,,,,,1.8,0,0,1.8,0%,5%,0%,0%,0%,0%,0%,5%,0%,5.0%,,
T2 630,,0,,,2,,,,,1.8,0,0,1.8,0%,0%,0%,0%,0%,0%,0%,0%,2.5%,2.5%,,
T2 645,I,0,3,,2.2,0,,,S,1.8,0,0,1.8,5%,0%,0%,0%,0%,0%,0%,5%,0%,5.0%,,
T2 645,I,,2,,1.9,0,,,S,1.8,0,0,1.8,,,,,,,,,,,,
T2 645,I,,2.2,,2.6,0,,,S,1.8,0,0,1.8,,,,,,,,,,,,
T2 645,I,,2.2,,3.4,0,,,S,1.8,0,0,1.8,,,,,,,,,,,,
T2 645,I,,3,,2.7,0,,,S,1.8,0,0,1.8,,,,,,,,,,,,
T2 645,I,,2,,2.2,0,,,S,1.8,0,0,1.8,,,,,,,,,,,,
T2 645,I,,2.3,,1.9,0,,,F,1.8,0,0,1.8,,,,,,,,,,,,
T2 645,I,,2.3,,2.8,1,,,S,1.8,0,0,1.8,,,,,,,,,,,,
T2 645,I,,2,,2.8,1,,,F,1.8,0,0,1.8,,,,,,,,,,,,
T2 645,I,,1.8,,1.8,0,,,S,1.8,0,0,1.8,,,,,,,,,,,,
T2 660,,0,,,1.5,,,,,1.8,0,0,1.8,0%,0%,0%,0%,0%,0%,0%,0%,2.5%,2.5%,,
T2 675,,0,,,2.2,,,,,1.8,0,0,1.8,0%,0%,2.50%,2.50%,0%,0%,0%,5%,20%,25.0%,,
T2 690,O,0,2.6,,2.6,0,,,S,1.8,0,0,1.8,2.50%,0%,5%,20%,0%,0%,0%,27.5%,2.5%,30.0%,,
T2 690,O,,2.2,,2,0,,,S,1.8,1,0,1.8,,,,,,,,,,,,
T2 690,O,,2.2,,2,0,,,S,1.8,0,0,1.8,,,,,,,,,,,,
T2 690,O,,1.8,,2.1,0,,,S,1.8,0,0,1.8,,,,,,,,,,,,
T2 690,O,,2.2,,1.3,0,,,S,1.8,1,0,1.8,,,,,,,,,,,,
T2 690,O,,2.3,,1.6,0,,,S,1.8,1,0,1.8,,,,,,,,,,,,
T2 690,O,,1.7,,1.2,0,,,S,1.8,0,0,1.9,,,,,,,,,,,,
T2 690,O,,1.5,,1.8,0,,,S,1.8,0,0,1.9,,,,,,,,,,,,
T2 690,O,,1.8,,2.2,0,,,S,1.8,0,0,1.9,,,,,,,,,,,,
T2 690,O,,2.2,,1.3,0,,,S,1.8,1,0,1.9,,,,,,,,,,,,
T2 705,,0,,,1.8,,,,,1.8,0,0,1.9,0%,0%,0%,0%,0%,0%,0%,0%,2.5%,2.5%,,
T2 720,,0,,,2.1,,,,,1.8,0,0,1.9,0%,0%,0%,2.50%,0%,0%,0%,3%,0%,2.5%,,
T2 735,,0,,,1.3,,,,,1.8,0,0,1.9,0%,0%,0%,0%,0%,0%,0%,0%,5%,5.0%,,
T2 750,I,6,2.8,,2.2,1,,,F,1.8,0,0,1.9,30%,0%,0%,2.50%,0%,0%,20%,52.5%,0%,52.5%,,
T2 750,I,,3.2,,2.1,0,,,S,1.8,1,0,1.9,,,,,,,,,,,,
T2 750,I,,3,,2.1,1,,,F,1.8,0,0,1.9,,,,,,,,,,,,
T2 750,I,,2.8,,2,1,,,F,1.8,0,0,1.9,,,,,,,,,,,,
T2 750,I,,3,,2.4,1,,,F,1.8,0,0,1.9,,,,,,,,,,,,
T2 750,I,,3,,1.9,0,,,S,1.8,0,0,1.9,,,,,,,,,,,,
T2 750,I,,2.2,,2.1,0,,,S,1.8,0,0,1.9,,,,,,,,,,,,
T2 750,I,,2.5,,,0,,,S,1.8,0,0,1.9,,,,,,,,,,,,
T2 750,I,,2.9,,,1,,,F,1.8,0,0,1.9,,,,,,,,,,,,
T2 750,I,,2.6,,,1,,,F,1.8,0,0,1.9,,,,,,,,,,,,
T2 765,,0,,,,,,,,1.9,0,0,1.9,0%,0%,0%,0%,0%,0%,0%,0%,0%,0.0%,,
T3 15,,0,,,,,,,,1.9,0,0,1.9,0%,0%,0%,0%,0%,0%,0%,0%,0%,0.0%,,
T3 30,,0,,,,,,,,1.9,0,0,1.9,0%,0%,0%,0%,0%,0%,0%,0%,0%,0.0%,,
T3 45,,0,,,,,,,,1.9,0,0,1.9,0%,0%,0%,0%,0%,0%,0%,0%,0%,0.0%,,
T3 60,,0,,,1.3,,,,,1.9,0,0,1.9,0%,0%,0%,0%,0%,0%,0%,0%,0%,0.0%,,
T3 75,,0,,,1.9,,,,,1.9,0,0,1.9,0%,0%,0%,0%,0%,0%,0%,0%,0%,0.0%,,
T3 90,,0,,,2.6,,,,,1.9,0,0,1.9,0%,0%,0%,0%,0%,0%,0%,0%,0%,0.0%,,
T3 105,I,0,1.6,,1.4,0,,,S,1.9,0,0,1.9,5%,0%,0%,0%,2.50%,0%,3%,10%,0%,10.0%,,
T3 105,I,,1.9,,2.1,0,,,S,1.9,0,0,1.9,,,,,,,,,,,,
T3 105,I,,1.1,,1.7,0,,,S,1.9,0,0,1.9,,,,,,,,,,,,
T3 105,I,,2.4,,2.3,0,,,S,1.9,0,0,1.9,,,,,,,,,,,,
T3 105,I,,1.5,,1.3,0,,,S,1.9,0,0,1.9,,,,,,,,,,,,
T3 105,I,,2,,2.1,0,,,S,1.9,0,0,1.9,,,,,,,,,,,,
T3 105,I,,2.1,,1.5,0,,,S,1.9,0,0,1.9,,,,,,,,,,,,
T3 105,I,,2,,,0,,,S,1.9,0,0,1.9,,,,,,,,,,,,
T3 105,I,,2,,,0,,,S,1.9,0,0,1.9,,,,,,,,,,,,
T3 105,I,,1.5,,,0,,,S,1.9,0,0,1.9,,,,,,,,,,,,
T3 120,,0,,,,,,,,1.9,0,0,1.9,0%,0%,0%,0%,0%,0%,0%,0%,0%,0.0%,,
T3 135,,0,3.5,,,1,,,F,1.9,0,0,1.9,5%,0%,0%,0%,0%,0%,0%,5%,5%,10.0%,,
T3 135,,,4.2,,1.4,1,,,F,1.9,0,0,1.9,,,,,,,,,,,,
T3 135,,,3,,2,0,,,S,1.9,0,0,1.9,,,,,,,,,,,,
T3 135,,,3.5,,1.8,1,,,F,1.9,0,0,1.9,,,,,,,,,,,,
T3 135,,,3.2,,2.3,0,,,S,1.9,1,0,1.9,,,,,,,,,,,,
T3 135,,,3.1,,2.9,0,,,S,1.9,0,0,1.9,,,,,,,,,,,,
T3 135,,,3.3,,2,0,,,S,1.9,0,0,1.9,,,,,,,,,,,,
T3 135,,,3.5,,2.5,0,,,S,1.9,0,0,1.9,,,,,,,,,,,,
T3 135,,,3,,1.5,0,,,S,1.9,0,0,1.9,,,,,,,,,,,,
T3 135,,,2.9,,1.8,0,,,S,1.9,0,0,1.9,,,,,,,,,,,,
T3 150,,0,,,0.5,,,,,1.9,0,0,1.9,0%,0%,2.50%,0%,0%,0%,0%,2.5%,0%,2.5%,,
T3 165,I,0,2.3,,0.9,0,,,S,1.9,0,0,2,2.50%,0%,0%,0%,0%,0%,0%,2.5%,0%,2.5%,,
T3 165,I,,1.7,,1,0,,,S,1.9,0,0,2,,,,,,,,,,,,
T3 165,I,,2,,1.4,0,,,S,1.9,1,0,2,,,,,,,,,,,,
T3 165,I,,2.1,,1.1,0,,,S,1.9,0,0,2,,,,,,,,,,,,
T3 165,I,,2.3,,0.8,0,,,S,1.9,0,0,2,,,,,,,,,,,,
T3 165,I,,2.1,,1,0,,,S,1.9,0,0,2,,,,,,,,,,,,
T3 165,I,,2.3,,1,0,,,S,1.9,0,0,2,,,,,,,,,,,,
T3 165,I,,2.5,,0.6,0,,,S,1.9,0,0,2,,,,,,,,,,,,
T3 165,I,,1.9,,0.7,0,,,S,1.9,0,0,2,,,,,,,,,,,,
T3 165,I,,2,,1,0,,,S,1.9,0,0,2,,,,,,,,,,,,
T3 180,,0,,,2.3,,,,,1.9,0,0,2,0%,0%,0%,0%,0%,0%,0%,0%,0%,0.0%,,
T3 195,,0,,,2.1,,,,,1.9,0,0,2,0%,0%,0%,0%,0%,0%,0%,0%,2.5%,2.5%,,
T3 210,U,0,2.3,,2.1,0,,,S,1.9,0,0,2,10%,0%,0%,0%,0%,0%,0%,10%,0%,0.0%,,
T3 210,U,,3.4,,2,2,,,F,1.9,1,0,2,,,,,,,,,,,,
T3 210,U,,3.1,,2.5,0,,,S,1.9,0,0,2,,,,,,,,,,,,
T3 210,U,,1.8,,1.9,0,,,S,1.9,0,0,2,,,,,,,,,,,,
T3 210,U,,2.8,,1.8,0,,,S,1.9,0,0,2,,,,,,,,,,,,
T3 210,U,,2.6,,1.8,0,,,S,1.9,0,0,2,,,,,,,,,,,,
T3 210,U,,2.2,,1.8,0,,,S,1.9,0,0,2,,,,,,,,,,,,
T3 210,U,,2.1,,3.1,0,,,S,1.9,1,0,2,,,,,,,,,,,,
T3 210,U,,2.3,,0.8,0,,,S,1.9,1,0,2,,,,,,,,,,,,
T3 210,U,,2.2,,1.1,0,,,S,1.9,0,0,2,,,,,,,,,,,,
T3 225,,0,,,0.9,,,,,2,0,0,2,0%,0%,0%,0%,0%,0%,0%,0%,0%,0.0%,,
T3 240,,0,,,2.2,,,,,2,0,0,2,0%,0%,0%,0%,0%,0%,0%,0%,2.5%,2.5%,,
T3 255,,0,,,1.2,,,,,2,0,0,2,0%,0%,0%,0%,0%,0%,0%,0%,0%,0.0%,,
T3 270,,0,,,1.5,,,,,2,0,0,2,0%,0%,0%,0%,0%,0%,0%,0%,0%,0.0%,,
T3 285,I,0,2.9,,1.1,1,,,F,2,0,0,2,20%,0%,0%,0%,0%,0%,0%,20%,60%,80.0%,,
T3 285,I,,3.1,,0.9,0,,,S,2,0,0,2,,,,,,,,,,,,
T3 285,I,,2.9,,0.8,1,,,F,2,0,0,2,,,,,,,,,,,,
T3 285,I,,3,,1.2,0,,,S,2,0,0,2,,,,,,,,,,,,
T3 285,I,,2.7,,3.2,0,,,S,2,0,0,2,,,,,,,,,,,,
T3 285,I,,2.3,,2,0,,,S,2,0,0,2,,,,,,,,,,,,
T3 285,I,,2.1,,2.3,1,,,F,2,0,0,2,,,,,,,,,,,,
T3 285,I,,2.3,,3.3,1,,,F,2,0,0,2,,,,,,,,,,,,
T3 285,I,,2.8,,2.5,0,,,S,2,0,0,2,,,,,,,,,,,,
T3 285,I,,1.4,,2,1,,,F,2,0,0,2,,,,,,,,,,,,
T3 300,I,0,2.6,,2,1,,,F,2,0,0,2,40%,0%,0%,0%,0%,0%,0%,40%,0%,40.0%,,
T3 300,I,,2.8,,1.1,1,,,F,2,0,0,2,,,,,,,,,,,,
T3 300,I,,2.8,,3.2,3,,,F,2,0,0,2,,,,,,,,,,,,
T3 300,I,,2.9,,2.8,1,,,F,2,0,0,2,,,,,,,,,,,,
T3 300,I,,2.3,,1.8,1,,,F,2,0,0,2,,,,,,,,,,,,
T3 300,I,,2.8,,1.5,3,,,F,2,0,0,2,,,,,,,,,,,,
T3 300,I,,2.8,,1.7,1,,,F,2,0,0,2,,,,,,,,,,,,
T3 300,I,,2.7,,1.4,2,,,F,2,0,0,2,,,,,,,,,,,,
T3 300,I,,2.8,,1.2,1,,,F,2,0,0,2,,,,,,,,,,,,
T3 300,I,,2.8,,1.8,3,,,F,2,0,0,2,,,,,,,,,,,,
T3 315,O,0,2.5,,1.4,0,,,S,2,0,0,2,40%,0%,0%,0%,0%,0%,0%,40%,40%,80.0%,,
T3 315,O,,2.4,,1.2,0,,,S,2,0,0,2,,,,,,,,,,,,
T3 315,O,,1.4,,1.7,0,,,S,2,0,0,2,,,,,,,,,,,,
T3 315,O,,2.1,,1.1,0,,,S,2,0,0,2,,,,,,,,,,,,
T3 315,O,,2,,2.5,0,,,S,2,0,0,2,,,,,,,,,,,,
T3 315,O,,2,,2.5,0,,,S,2,0,0,2,,,,,,,,,,,,
T3 315,O,,1.5,,2.6,0,,,S,2,0,0,2,,,,,,,,,,,,
T3 315,O,,1.5,,4.5,0,,,S,2,0,0,2,,,,,,,,,,,,
T3 315,O,,1.8,,3,0,,,S,2,0,0,2,,,,,,,,,,,,
T3 315,O,,1.8,,2.5,0,,,S,2,0,0,2,,,,,,,,,,,,
T3 330,O,0,3.2,,2.8,1,,,F,2,0,0,2,40%,0%,0%,0%,2.50%,0%,0%,42.5%,40%,82.5%,,
T3 330,O,,2.7,,1.5,2,,,F,2,0,0,2,,,,,,,,,,,,
T3 330,O,,2.8,,3.2,0,,,S,2,0,0,2,,,,,,,,,,,,
T3 330,O,,2.8,,3,1,,,F,2,1,0,2,,,,,,,,,,,,
T3 330,O,,1.3,,2.5,0,,,S,2,0,0,2,,,,,,,,,,,,
T3 330,O,,1.2,,2,0,,,S,2,0,0,2,,,,,,,,,,,,
T3 330,O,,2,,1.8,0,,,S,2,0,0,2,,,,,,,,,,,,
T3 330,O,,1.5,,2.1,0,,,S,2,0,0,2,,,,,,,,,,,,
T3 330,O,,1.2,,2.4,0,,,S,2,0,0,2,,,,,,,,,,,,
T3 330,O,,1.2,,2.5,0,,,S,2,0,0,2,,,,,,,,,,,,
T3 345,,0,,,1.8,,,,,2,0,0,2,0%,0%,0%,0%,0%,0%,0%,0%,0%,0.0%,,
T3 375,I,0,2.5,,1.6,0,,,S,2,0,0,2,2.5%,0%,0%,0%,0%,0%,0%,3%,0%,0.0%,,
T3 375,,,2,,2.4,0,,,S,2,0,0,2,,,,,,,,,,,,
T3 375,,,1.8,,1.5,0,,,S,2,0,0,2,,,,,,,,,,,,
T3 375,,,2.1,,,0,,,S,2,0,0,2,,,,,,,,,,,,
T3 375,,,2.4,,,0,,,S,2,0,0,2,,,,,,,,,,,,
T3 375,,,2.5,,,1,,,F,2,0,0,2,,,,,,,,,,,,
T3 375,,,1.8,,1.1,0,,,S,2,0,0,2,,,,,,,,,,,,
T3 375,,,1.6,,0.8,0,,,S,2,0,0,2,,,,,,,,,,,,
T3 375,,,2.4,,0.8,1,,,F,2,0,0,2,,,,,,,,,,,,
T3 375,,,1.5,,1,0,,,S,2,0,0,2,,,,,,,,,,,,
T3 390,O,0,1.8,,2.3,0,,,S,2,1,0,2,2.50%,0%,0%,0%,2.50%,0%,0%,5%,2.5%,7.5%,,
T3 390,O,,1.6,,0.6,0,,,S,2,0,0,2,,,,,,,,,,,,
T3 390,O,,1.5,,1,0,,,S,2,0,0,2.1,,,,,,,,,,,,
T3 390,O,,2.8,,0.6,0,,,S,2,0,0,2.1,,,,,,,,,,,,
T3 390,O,,1.8,,0.5,0,,,S,2,0,0,2.1,,,,,,,,,,,,
T3 390,O,,1.5,,0.8,0,,,S,2,0,0,2.1,,,,,,,,,,,,
T3 390,O,,2,,2,0,,,S,2,0,0,2.1,,,,,,,,,,,,
T3 390,O,,1.4,,2,0,,,S,2,1,0,2.1,,,,,,,,,,,,
T3 390,O,,1.7,,2.1,0,,,S,2,0,0,2.1,,,,,,,,,,,,
T3 390,O,,1.8,,2.4,0,,,S,2,0,0,2.1,,,,,,,,,,,,
T3 405,I,0,1.7,,2.8,0,,,S,2,0,0,2.1,30%,0%,0%,0%,0%,0%,0%,30%,0%,30.0%,,
T3 405,I,,1.9,,2.4,0,,,S,2,0,0,2.1,,,,,,,,,,,,
T3 405,I,,1.6,,2.3,0,,,S,2,0,0,2.1,,,,,,,,,,,,
T3 405,I,,1.9,,2.2,0,,,S,2,0,0,2.1,,,,,,,,,,,,
T3 405,I,,2.5,,1.8,0,,,S,2,0,0,2.1,,,,,,,,,,,,
T3 405,I,,1.8,,1.8,0,,,S,2,0,0,2.1,,,,,,,,,,,,
T3 405,I,,1.3,,,0,,,S,2,0,0,2.1,,,,,,,,,,,,
T3 405,I,,1.6,,,0,,,S,2,1,0,2.1,,,,,,,,,,,,
T3 405,I,,1.7,,1.9,0,,,S,2,1,0,2.1,,,,,,,,,,,,
T3 405,I,,1.6,,2.8,0,,,S,2,0,0,2.1,,,,,,,,,,,,
T3 420,O,0,1.2,,2.7,0,,,S,2,0,0,2.1,20%,0%,0%,0%,0%,0%,0%,20%,20%,40.0%,,
T3 420,O,,2,,1.5,0,,,S,2,0,0,2.1,,,,,,,,,,,,
T3 420,O,,1.7,,2.3,0,,,S,2,0,0,2.1,,,,,,,,,,,,
T3 420,O,,1.9,,1.9,0,,,S,2,0,0,2.1,,,,,,,,,,,,
T3 420,O,,1.2,,1.8,0,,,S,2,0,0,2.1,,,,,,,,,,,,
T3 420,O,,1.8,,2.1,0,,,S,2,1,0,2.1,,,,,,,,,,,,
T3 420,O,,1.2,,2,0,,,S,2,1,0,2.1,,,,,,,,,,,,
T3 420,O,,1.3,,1.8,0,,,S,2,0,0,2.1,,,,,,,,,,,,
T3 420,O,,1.4,,1.9,0,,,S,2,0,0,2.1,,,,,,,,,,,,
T3 420,O,,1.7,,1.9,0,,,S,2,0,0,2.1,,,,,,,,,,,,
T3 435,,0,,,2,,,,,2,1,0,2.1,0%,0%,0%,0%,0%,0%,0%,0%,0%,0.0%,,
T3 450,O,0,2.2,,1.8,0,,,S,2,0,0,2.1,5%,0%,2.50%,0%,0%,0%,0%,7.5%,40%,47.5%,,
T3 450,O,,2.9,,2,2,,,F,2.1,0,0,2.1,,,,,,,,,,,,
T3 450,O,,3,,2,1,,,F,2.1,0,0,2.1,,,,,,,,,,,,
T3 450,O,,2.9,,2.3,0,,,S,2.1,0,0,2.1,,,,,,,,,,,,
T3 450,O,,1.5,,2,0,,,S,2.1,0,0,2.1,,,,,,,,,,,,
T3 450,O,,3,,1.2,2,,,F,2.1,0,0,2.1,,,,,,,,,,,,
T3 450,O,,2.1,,0.8,0,,,S,2.1,0,0,2.1,,,,,,,,,,,,
T3 450,O,,2.1,,,0,,,S,2.1,0,0,2.2,,,,,,,,,,,,
T3 450,O,,2.9,,,1,,,F,2.1,0,0,2.2,,,,,,,,,,,,
T3 450,O,,2.5,,,0,,,S,2.1,0,0,2.2,,,,,,,,,,,,
T3 465,I,0,3.6,,2.2,2,,,F,2.1,0,0,2.2,2.50%,0%,0%,0%,0%,0%,0%,2.50%,30%,32.5%,,
T3 465,I,,2.9,,2.2,1,,,F,2.1,0,0,2.2,,,,,,,,,,,,
T3 465,I,,1.6,,2.8,0,,,S,2.1,0,0,2.2,,,,,,,,,,,,
T3 465,I,,1.9,,2.6,0,,,S,2.1,0,0,2.2,,,,,,,,,,,,
T3 465,I,,2,,2.5,0,,,S,2.1,0,0,2.2,,,,,,,,,,,,
T3 465,I,,1.8,,2.8,0,,,S,2.1,0,0,2.2,,,,,,,,,,,,
T3 465,I,,3.7,,2.3,0,,,S,2.1,0,0,2.2,,,,,,,,,,,,
T3 465,I,,1,,2.9,0,,,S,2.1,1,0,2.2,,,,,,,,,,,,
T3 465,I,,1.1,,2.5,0,,,S,2.1,0,0,2.2,,,,,,,,,,,,
T3 465,I,,1.2,,2.8,0,,,S,2.1,0,0,2.2,,,,,,,,,,,,
T3 480,O,0,2.3,,1.5,0,,,S,2.1,0,0,2.2,5%,0%,0%,0%,0%,0%,0%,5%,0%,5.0%,,
T3 480,O,,2.2,,1,0,,,S,2.1,0,0,2.2,,,,,,,,,,,,
T3 480,O,,1,,1.6,0,,,S,2.1,1,0,2.2,,,,,,,,,,,,
T3 480,O,,1.9,,1.6,1,,,F,2.1,1,0,2.2,,,,,,,,,,,,
T3 480,O,,1.6,,1,0,,,S,2.1,0,0,2.2,,,,,,,,,,,,
T3 480,O,,2.5,,1.5,0,,,S,2.1,0,0,2.2,,,,,,,,,,,,
T3 480,O,,1.3,,0.9,0,,,S,2.1,0,0,2.2,,,,,,,,,,,,
T3 480,O,,1.2,,1,0,,,S,2.1,0,0,2.2,,,,,,,,,,,,
T3 480,O,,1.6,,0.8,0,,,S,2.1,0,0,2.2,,,,,,,,,,,,
T3 480,O,,1.6,,1.1,0,,,S,2.1,0,0,2.2,,,,,,,,,,,,
T3 495,,0,,,2.2,,,,,2.1,0,0,2.2,0%,0%,0%,0%,0%,0%,0%,0%,2.5%,2.5%,,
T3 510,,0,,,1.5,,,,,2.1,0,0,2.2,0%,0%,0%,0%,0%,0%,0%,0%,0%,0.0%,,
T3 525,U,0,4,,2.1,4,,,F,2.1,0,0,2.2,10%,0%,0%,0%,0%,0%,0%,10%,20%,20.0%,,
T3 525,U,,3,,3,1,,,F,2.1,0,0,2.2,,,,,,,,,,,,
T3 525,U,,2.5,,2.2,1,,,F,2.1,1,0,2.2,,,,,,,,,,,,
T3 525,U,,3.6,,3,3,,,F,2.1,0,0,2.2,,,,,,,,,,,,
T3 525,U,,1.9,,1.4,0,,,S,2.1,0,0,2.2,,,,,,,,,,,,
T3 525,U,,2.6,,1.6,2,,,F,2.1,0,0,2.2,,,,,,,,,,,,
T3 525,U,,3.2,,1.4,2,,,F,2.1,0,0,2.2,,,,,,,,,,,,
T3 525,U,,3.1,,1.6,0,,,S,2.1,0,0,2.2,,,,,,,,,,,,
T3 525,U,,1.4,,,0,,,S,2.1,0,0,2.2,,,,,,,,,,,,
T3 525,U,,2.3,,,0,,,S,2.2,0,0,2.2,,,,,,,,,,,,
T3 540,I,0,2.8,,,0,,,S,2.2,0,0,2.2,40%,0%,0%,0%,0%,0%,0%,40%,0%,40.0%,,
T3 540,I,,2.2,,,0,,,S,2.2,0,0,2.2,,,,,,,,,,,,
T3 540,I,,2.4,,,0,,,S,2.2,0,0,2.2,,,,,,,,,,,,
T3 540,I,,2.8,,,0,,,S,2.2,0,0,2.2,,,,,,,,,,,,
T3 540,I,,2.5,,,0,,,S,2.2,0,0,2.3,,,,,,,,,,,,
T3 540,I,,1.5,,,0,,,S,2.2,0,0,2.3,,,,,,,,,,,,
T3 540,I,,2,,,0,,,S,2.2,1,0,2.3,,,,,,,,,,,,
T3 540,I,,2.3,,,0,,,S,2.2,0,0,2.3,,,,,,,,,,,,
T3 540,I,,1.9,,,0,,,S,2.2,1,0,2.3,,,,,,,,,,,,
T3 540,I,,1.8,,,0,,,S,2.2,0,0,2.3,,,,,,,,,,,,
T3 555,,0,,,,,,,,2.2,0,0,2.3,0%,0%,0%,0%,0%,0%,0%,0%,20%,20.0%,,
T3 570,O,0,2.2,,,0,,,S,2.2,0,0,2.3,30%,0%,2.50%,2.50%,0%,0%,0%,35%,40%,75.0%,,
T3 570,O,,2.1,,,1,,,F,2.2,0,0,2.3,,,,,,,,,,,,
T3 570,O,,2,,,0,,,S,2.2,0,0,2.3,,,,,,,,,,,,
T3 570,O,,1.4,,,0,,,S,2.2,0,0,2.3,,,,,,,,,,,,
T3 570,O,,2.4,,,0,,,S,2.2,0,0,2.3,,,,,,,,,,,,
T3 570,O,,2.4,,,1,,,F,2.2,0,0,2.3,,,,,,,,,,,,
T3 570,O,,1.3,,,0,,,S,2.2,0,0,2.3,,,,,,,,,,,,
T3 570,O,,1.2,,,0,,,S,2.2,0,0,2.3,,,,,,,,,,,,
T3 570,O,,1.9,,,0,,,S,2.2,0,0,2.3,,,,,,,,,,,,
T3 570,O,,0.5,,,0,,,S,2.2,0,0,2.3,,,,,,,,,,,,
T3 585,O,0,0.9,,,0,,,S,2.2,0,0,2.3,30%,0%,2.50%,0%,0%,0%,0%,32.5%,20%,52.5%,,
T3 585,O,,2,,,0,,,S,2.2,0,0,2.3,,,,,,,,,,,,
T3 585,O,,1.8,,,0,,,S,2.2,0,0,2.3,,,,,,,,,,,,
T3 585,O,,2,,,0,,,S,2.2,0,0,2.3,,,,,,,,,,,,
T3 585,O,,2.5,,,0,,,S,2.2,0,0,2.3,,,,,,,,,,,,
T3 585,O,,2,,,0,,,S,2.2,0,0,2.3,,,,,,,,,,,,
T3 585,O,,1.3,,,0,,,S,2.2,0,0,2.3,,,,,,,,,,,,
T3 585,O,,1.6,,,0,,,S,2.2,0,0,2.3,,,,,,,,,,,,
T3 585,O,,1.1,,,0,,,S,2.2,1,0,2.3,,,,,,,,,,,,
T3 585,O,,0.6,,,0,,,S,2.2,0,0,2.3,,,,,,,,,,,,
T3 600,I,0,1.5,,,0,,,S,2.2,1,0,2.3,2.50%,0%,2.50%,0%,0%,0%,0%,5.00%,0%,5.0%,,
T3 600,I,,2.5,,,1,,,F,2.2,0,0,2.3,,,,,,,,,,,,
T3 600,I,,1.9,,,0,,,S,2.2,1,0,2.3,,,,,,,,,,,,
T3 600,I,,2.1,,,1,,,F,2.2,1,0,2.3,,,,,,,,,,,,
T3 600,I,,2,,,1,,,F,2.2,0,0,2.3,,,,,,,,,,,,
T3 600,I,,2.3,,,0,,,S,2.2,0,0,2.3,,,,,,,,,,,,
T3 600,I,,2,,,0,,,S,2.2,0,0,2.3,,,,,,,,,,,,
T3 600,I,,2,,,0,,,S,2.2,0,0,2.4,,,,,,,,,,,,
T3 600,I,,2.2,,,1,,,F,2.2,0,0,2.4,,,,,,,,,,,,
T3 600,I,,1.9,,,0,,,S,2.2,1,0,2.4,,,,,,,,,,,,
T3 615,O,0,2.6,,,1,,,F,2.2,0,0,2.4,30%,0%,2.50%,2.50%,0%,0%,0%,35%,2.5%,37.5%,,
T3 615,O,,2.3,,,1,,,F,2.2,0,0,2.4,,,,,,,,,,,,
T3 615,O,,1.5,,,0,,,S,2.2,0,0,2.4,,,,,,,,,,,,
T3 615,O,,2.8,,,0,,,S,2.2,0,0,2.4,,,,,,,,,,,,
T3 615,O,,2.5,,,0,,,S,2.3,0,0,2.4,,,,,,,,,,,,
T3 615,O,,2.5,,,0,,,S,2.3,0,0,2.4,,,,,,,,,,,,
T3 615,O,,1.9,,,0,,,S,2.3,1,0,2.4,,,,,,,,,,,,
T3 615,O,,2,,,0,,,S,2.3,0,0,2.4,,,,,,,,,,,,
T3 615,O,,2.3,,,1,,,F,2.3,0,0,2.4,,,,,,,,,,,,
T3 615,O,,2,,,0,,,S,2.3,0,0,2.4,,,,,,,,,,,,
T3 630,O,0,2.6,,,1,,,F,2.3,1,0,2.4,2.50%,0%,0%,2.50%,0%,0%,0%,5.00%,2.5%,7.5%,,
T3 630,O,,2.3,,,1,,,F,2.3,0,0,2.4,,,,,,,,,,,,
T3 630,O,,2.3,,,1,,,F,2.3,0,0,2.4,,,,,,,,,,,,
T3 630,O,,2.9,,,1,,,F,2.3,0,0,2.4,,,,,,,,,,,,
T3 630,O,,2.6,,,1,,,F,2.3,0,0,2.5,,,,,,,,,,,,
T3 630,O,,2.8,,,0,,,S,2.3,1,0,2.5,,,,,,,,,,,,
T3 630,O,,2.2,,,0,,,S,2.3,0,0,2.5,,,,,,,,,,,,
T3 630,O,,2.8,,,1,,,F,2.3,0,0,2.5,,,,,,,,,,,,
T3 630,O,,1.6,,,0,,,S,2.3,0,0,2.5,,,,,,,,,,,,
T3 630,O,,2.6,,,1,,,F,2.3,0,0,2.5,,,,,,,,,,,,
T3 645,I,0,2.6,,,1,,,M,2.3,0,0,2.5,10%,0%,0%,0%,0%,0%,0%,10%,2.5%,12.5%,,
T3 645,I,,3.4,,,1,,,M,2.3,0,0,2.5,,,,,,,,,,,,
T3 645,I,,2.7,,,1,,,M,2.3,0,0,2.5,,,,,,,,,,,,
T3 645,I,,2.2,,,1,,,F,2.3,1,0,2.5,,,,,,,,,,,,
T3 645,I,,1.9,,,0,,,S,2.3,1,0,2.5,,,,,,,,,,,,
T3 645,I,,2.8,,,0,,,S,2.3,0,0,2.5,,,,,,,,,,,,
T3 645,I,,2.8,,,0,,,S,2.3,0,0,2.5,,,,,,,,,,,,
T3 645,I,,1.8,,,0,,,S,2.3,0,0,2.5,,,,,,,,,,,,
T3 645,I,,1.5,,,0,,,S,2.3,0,0,2.5,,,,,,,,,,,,
T3 645,I,,2.2,,,0,,,S,2.3,1,0,2.5,,,,,,,,,,,,
T3 660,O,0,1.4,,,0,,,S,2.3,1,0,2.5,2.50%,0%,0%,0%,2.50%,0%,0%,5.00%,20%,25.0%,,
T3 660,O,,1.5,,,0,,,S,2.3,1,0,2.5,,,,,,,,,,,,
T3 660,O,,1.4,,,0,,,S,2.3,1,0,2.5,,,,,,,,,,,,
T3 660,O,,1.8,,,0,,,S,2.3,0,0,2.5,,,,,,,,,,,,
T3 660,O,,1.9,,,0,,,S,2.3,0,0,2.5,,,,,,,,,,,,
T3 660,O,,1.1,,,0,,,S,2.3,0,0,2.6,,,,,,,,,,,,
T3 660,O,,1.5,,,0,,,S,2.3,0,0,2.6,,,,,,,,,,,,
T3 660,O,,1.1,,,0,,,S,2.3,0,0,2.6,,,,,,,,,,,,
T3 660,O,,1.6,,,0,,,S,2.3,0,0,2.6,,,,,,,,,,,,
T3 660,O,,1,,,0,,,S,2.3,0,0,2.6,,,,,,,,,,,,
T3 675,O,0,2.3,,,0,,,S,2.3,0,0,2.6,5%,0%,2.50%,5%,0%,0%,0%,12.5%,5%,17.5%,,
T3 675,O,,2,,,0,,,S,2.3,0,0,2.6,,,,,,,,,,,,
T3 675,O,,2,,,0,,,S,2.3,0,0,2.6,,,,,,,,,,,,
T3 675,O,,2.3,,,0,,,S,2.3,0,0,2.6,,,,,,,,,,,,
T3 675,O,,2.9,,,1,,,F,2.3,0,0,2.6,,,,,,,,,,,,
T3 675,O,,2.2,,,1,,,F,2.3,0,0,2.6,,,,,,,,,,,,
T3 675,O,,2.2,,,1,,,F,2.3,0,0,2.6,,,,,,,,,,,,
T3 675,O,,2,,,1,,,F,2.4,1,0,2.7,,,,,,,,,,,,
T3 675,O,,1.6,,,0,,,S,2.4,0,0,2.7,,,,,,,,,,,,
T3 675,O,,2.2,,,0,,,S,2.4,0,0,2.7,,,,,,,,,,,,
T3 690,I,0,2.6,,,0,,,S,2.4,0,0,2.7,5%,0%,5%,10%,0%,0%,0%,20%,2.5%,22.5%,,
T3 690,I,,2,,,0,,,S,2.4,1,0,2.7,,,,,,,,,,,,
T3 690,I,,2,,,0,,,S,2.4,0,0,2.8,,,,,,,,,,,,
T3 690,I,,2.1,,,0,,,S,2.4,0,0,2.8,,,,,,,,,,,,
T3 690,I,,1.3,,,0,,,S,2.4,0,0,2.8,,,,,,,,,,,,
T3 690,I,,1.6,,,0,,,S,2.4,0,0,2.8,,,,,,,,,,,,
T3 690,I,,1.2,,,0,,,S,2.4,0,0,2.8,,,,,,,,,,,,
T3 690,I,,1.8,,,0,,,S,2.4,0,0,2.8,,,,,,,,,,,,
T3 690,I,,2.2,,,0,,,S,2.4,1,0,2.8,,,,,,,,,,,,
T3 690,I,,1.3,,,0,,,S,2.4,0,0,2.8,,,,,,,,,,,,
T3 705,,0,,,,,,,,2.4,0,0,2.8,0%,0%,2.50%,2.50%,0%,0%,0%,5%,2.5%,7.5%,,
T3 720,,0,,,,,,,,2.4,1,0,2.8,0%,0%,0%,0%,0%,0%,0%,0%,0%,0.0%,,
T3 735,O,0,2.3,,,0,,,S,2.4,0,0,2.8,2.50%,0%,0%,2.50%,0%,0%,0%,5%,10%,15.0%,,
T3 735,O,,2.1,,,0,,,S,2.4,0,0,2.8,,,,,,,,,,,,
T3 735,O,,2,,,0,,,S,2.4,0,0,2.8,,,,,,,,,,,,
T3 735,O,,2.1,,,0,,,S,2.4,0,0,2.8,,,,,,,,,,,,
T3 735,O,,2.1,,,0,,,S,2.4,0,0,2.8,,,,,,,,,,,,
T3 735,O,,2.4,,,0,,,S,2.4,1,0,2.8,,,,,,,,,,,,
T3 735,O,,1.8,,,0,,,S,2.4,1,0,2.9,,,,,,,,,,,,
T3 735,O,,1.8,,,0,,,S,2.4,0,0,2.9,,,,,,,,,,,,
T3 735,O,,2,,,0,,,S,2.5,0,0,2.9,,,,,,,,,,,,
T3 735,O,,1.8,,,0,,,S,2.5,0,0,2.9,,,,,,,,,,,,
T3 750,U,0,1.8,,,1,,,F,2.5,0,0,2.9,2.50%,0%,0%,5%,0%,0%,0%,7.50%,10%,17.5%,,
T3 750,U,,2.1,,,0,,,S,2.5,0,0,2.9,,,,,,,,,,,,
T3 750,U,,1.3,,,0,,,S,2.5,0,0,2.9,,,,,,,,,,,,
T3 750,U,,2.2,,,0,,,S,2.5,0,0,2.9,,,,,,,,,,,,
T3 750,U,,2.1,,,0,,,S,2.5,1,0,2.9,,,,,,,,,,,,
T3 750,U,,2.1,,,0,,,S,2.5,0,0,2.9,,,,,,,,,,,,
T3 750,U,,2,,,0,,,S,2.5,0,0,3,,,,,,,,,,,,
T3 750,U,,2.4,,,0,,,S,2.5,0,0,3,,,,,,,,,,,,
T3 750,U,,1.9,,,0,,,S,2.5,0,0,3,,,,,,,,,,,,
T3 750,U,,2.1,,,0,,,S,2.5,0,0,3,,,,,,,,,,,,
T3 765,,0,,,,,,,,2.5,1,0,3,0%,0%,0%,2.50%,0%,0%,0%,2.5%,2.5%,5.0%,,
T3 780,,0,,,,,,,,2.5,0,0,3,0%,0%,30%,30%,0%,0%,0%,60%,0%,60.0%,,
T4 15,,0,,,,,,,,2.5,0,0,3,0%,0%,0%,0%,0%,5%,0%,5%,0%,5.0%,,
T4 30,,0,,,,,,,,2.5,0,0,3,0%,0%,0%,0%,0%,0%,0%,0%,0%,0.0%,,
T4 45,,0,,,,,,,,2.5,1,0,3,0%,0%,0%,0%,0%,0%,0%,0%,0%,0.0%,,
T4 60,,0,,,,,,,,2.5,0,0,3,0%,0%,0%,0%,0%,0%,0%,0%,0%,0.0%,,
T4 75,,0,,,,,,,,2.5,0,0,3,0%,0%,0%,0%,0%,0%,0%,0%,0%,0.0%,,
T4 90,I,0,1.3,,,0,,,S,2.5,1,0,3,5%,0%,0%,0%,0%,0%,0%,5%,0%,5.0%,,
T4 90,I,,1.9,,,0,,,S,2.5,0,0,3,,,,,,,,,,,,
T4 90,I,,2.6,,,0,,,S,2.5,0,0,3.1,,,,,,,,,,,,
T4 90,I,,1.4,,,0,,,S,2.5,0,0,3.1,,,,,,,,,,,,
T4 90,I,,2.1,,,0,,,S,2.5,1,0,3.1,,,,,,,,,,,,
T4 90,I,,1.7,,,0,,,S,2.5,2,0,3.1,,,,,,,,,,,,
T4 90,I,,2.3,,,0,,,S,2.5,1,0,3.1,,,,,,,,,,,,
T4 90,I,,1.3,,,0,,,S,2.5,2,0,3.1,,,,,,,,,,,,
T4 90,I,,2.1,,,0,,,S,2.5,1,0,3.2,,,,,,,,,,,,
T4 90,I,,1.5,,,0,,,S,2.5,0,0,3.2,,,,,,,,,,,,
T4 105,,0,,,,,,,,2.5,1,0,3.2,0%,0%,0%,0%,2.50%,0%,0%,2.5%,2.5%,5.0%,,
T4 120,,0,,,,,,,,2.5,0,0,3.2,0%,0%,0%,0%,0%,0%,0%,0%,0%,0.0%,,
T4 135,,0,,,,,,,,2.5,1,0,3.2,0%,0%,0%,0%,0%,0%,0%,0%,0%,0.0%,,
T4 150 ,,0,,,,,,,,2.6,0,0,3.2,0%,0%,0%,0%,0%,0%,0%,0%,0%,0.0%,,
T4 165,,0,,,,,,,,2.6,1,0,3.3,0%,0%,0%,0%,2.50%,0%,0%,2.5%,0%,2.5%,,
T4 180,I,0,1.4,,,0,,,S,2.6,0,0,3.3,30%,0%,0%,0%,0%,0%,0%,30%,2.5%,32.5%,,
T4 180,I,,2,,,0,,,S,2.6,0,0,3.3,,,,,,,,,,,,
T4 180,I,,1.8,,,0,,,S,2.6,0,0,3.5,,,,,,,,,,,,
T4 180,I,,2.3,,,0,,,S,2.6,0,0,3.7,,,,,,,,,,,,
T4 180,I,,2.9,,,0,,,S,2.6,0,0,4,,,,,,,,,,,,
T4 180,I,,2,,,0,,,S,2.6,1,1,0.8,,,,,,,,,,,,
T4 180,I,,2.5,,,0,,,S,2.6,0,1,0.9,,,,,,,,,,,,
T4 180,I,,1.5,,,0,,,S,2.6,0,1,1,,,,,,,,,,,,
T4 180,I,,1.8,,,0,,,S,2.6,1,1,1,,,,,,,,,,,,
T4 180,I,,0.5,,,0,,,S,2.6,0,1,1,,,,,,,,,,,,
T4 195,I,0,0.9,,,1,,,F,2.6,1,1,1,2.50%,0%,0%,0%,0%,0%,0%,2.50%,0%,2.5%,,
T4 195,I,,1,,,1,,,F,2.6,2,1,1.4,,,,,,,,,,,,
T4 195,I,,1.4,,,2,,,F,2.6,1,1,1.5,,,,,,,,,,,,
T4 195,I,,1.1,,,2,,,F,2.6,1,1,1.7,,,,,,,,,,,,
T4 195,I,,0.8,,,0,,,S,2.6,1,1,1.7,,,,,,,,,,,,
T4 195,I,,1,,,1,,,F,2.6,1,1,1.8,,,,,,,,,,,,
T4 195,I,,1,,,0,,,S,2.6,1,1,1.8,,,,,,,,,,,,
T4 195,I,,0.6,,,0,,,S,2.6,0,1,1.8,,,,,,,,,,,,
T4 195,I,,0.7,,,0,,,S,2.6,0,1,1.8,,,,,,,,,,,,
T4 195,I,,1,,,1,,,F,2.6,0,1,1.8,,,,,,,,,,,,
T4 210,U,0,2.3,,,0,,,S,2.6,1,1,1.9,30%,0%,0%,0%,0%,0%,0%,30%,0%,30.0%,,
T4 210,U,,2.1,,,1,,,F,2.7,0,1,1.9,,,,,,,,,,,,
T4 210,U,,2.1,,,0,,,S,2.7,0,1,1.9,,,,,,,,,,,,
T4 210,U,,2,,,0,,,S,2.7,0,1,1.9,,,,,,,,,,,,
T4 210,U,,2.5,,,1,,,F,2.7,0,1,1.9,,,,,,,,,,,,
T4 210,U,,1.9,,,1,,,F,2.7,2,1,2,,,,,,,,,,,,
T4 210,U,,1.8,,,1,,,F,2.7,2,1,2,,,,,,,,,,,,
T4 210,U,,1.8,,,1,,,F,2.7,1,1,2,,,,,,,,,,,,
T4 210,U,,1.8,,,0,,,S,2.7,0,1,2,,,,,,,,,,,,
T4 210,U,,3.1,,,0,,,F,2.8,0,1,2,,,,,,,,,,,,
T4 225,I,0,0.8,,,1,,,F,2.8,0,1,2,2.50%,0%,0%,0%,0%,0%,0%,2.50%,0%,2.5%,,
T4 225,I,,1.1,,,0,,,S,2.8,1,1,2,,,,,,,,,,,,
T4 225,I,,0.9,,,0,,,S,2.8,0,1,2,,,,,,,,,,,,
T4 225,I,,2.2,,,0,,,S,2.8,1,1,2.1,,,,,,,,,,,,
T4 225,I,,1.2,,,0,,,S,2.8,1,1,2.1,,,,,,,,,,,,
T4 225,I,,1.5,,,1,,,F,2.8,0,1,2.1,,,,,,,,,,,,
T4 225,I,,1.1,,,0,,,S,2.8,0,1,2.1,,,,,,,,,,,,
T4 225,I,,0.9,,,0,,,S,2.8,1,1,2.2,,,,,,,,,,,,
T4 225,I,,0.8,,,0,,,S,2.8,1,1,2.2,,,,,,,,,,,,
T4 225,I,,1.2,,,0,,,S,2.8,0,1,2.2,,,,,,,,,,,,
T4 240,,0,,,,,,,,2.8,0,1,2.2,0%,0%,0%,0%,0%,0%,0%,0%,0%,0.0%,,
T4 255,O,0,1.8,,,0,,,S,2.8,1,1,2.2,30%,0%,0%,20%,0%,0%,0%,50%,0%,50.0%,,
T4 255,O,,2,,,0,,,S,2.8,3,1,2.2,,,,,,,,,,,,
T4 255,O,,2.4,,,0,,,S,2.8,3,1,2.2,,,,,,,,,,,,
T4 255,O,,1.9,,,0,,,S,2.8,1,1,2.3,,,,,,,,,,,,
T4 255,O,,1.2,,,0,,,S,2.8,1,1,2.3,,,,,,,,,,,,
T4 255,O,,1.6,,,0,,,S,2.8,3,1,2.3,,,,,,,,,,,,
T4 255,O,,1.9,,,0,,,S,2.8,0,1,2.3,,,,,,,,,,,,
T4 255,O,,2,,,1,,,F,2.8,1,1,2.3,,,,,,,,,,,,
T4 255,O,,1.4,,,0,,,S,2.8,0,1,2.3,,,,,,,,,,,,
T4 255,O,,1.2,,,0,,,S,2.8,0,1,2.3,,,,,,,,,,,,
T4 270,U,0,3.2,,,0,,,S,2.8,0,1,2.3,2.50%,0%,0%,0%,0%,0%,0%,2.50%,0%,2.5%,,
T4 270,U,,2,,,1,,,F,2.8,0,1,2.3,,,,,,,,,,,,
T4 270,U,,2.3,,,0,,,S,2.8,0,1,2.4,,,,,,,,,,,,
T4 270,U,,3.3,,,1,,,F,2.8,1,1,2.4,,,,,,,,,,,,
T4 270,U,,2.5,,,2,,,F,2.8,0,1,2.4,,,,,,,,,,,,
T4 270,U,,2,,,0,,,S,2.8,0,1,2.4,,,,,,,,,,,,
T4 270,U,,2,,,0,,,S,2.8,1,1,2.4,,,,,,,,,,,,
T4 270,U,,1.1,,,0,,,S,2.8,2,1,2.4,,,,,,,,,,,,
T4 270,U,,3.2,,,0,,,S,2.8,1,1,2.5,,,,,,,,,,,,
T4 270,U,,2.8,,,1,,,F,2.8,0,1,2.5,,,,,,,,,,,,
T4 285,I,0,1.8,,,0,,,S,2.8,1,1,2.5,30%,0%,0%,0%,0%,0%,0%,30%,20%,50.0%,,
T4 285,I,,1.5,,,0,,,S,2.8,1,1,2.5,,,,,,,,,,,,
T4 285,I,,1.7,,,1,,,F,2.8,1,1,2.5,,,,,,,,,,,,
T4 285,I,,1.4,,,0,,,S,2.9,0,1,2.5,,,,,,,,,,,,
T4 285,I,,1.2,,,0,,,S,2.9,0,1,2.5,,,,,,,,,,,,
T4 285,I,,1.8,,,1,,,F,2.9,0,1,2.5,,,,,,,,,,,,
T4 285,I,,1.4,,,0,,,S,2.9,0,1,2.5,,,,,,,,,,,,
T4 285,I,,1.2,,,0,,,S,2.9,0,1,2.6,,,,,,,,,,,,
T4 285,I,,1.7,,,0,,,S,2.9,0,1,2.6,,,,,,,,,,,,
T4 285,I,,1.1,,,0,,,S,2.9,1,1,2.6,,,,,,,,,,,,
T4 300,U,0,2.5,,,1,,,F,2.9,0,1,2.6,10%,0%,0%,0%,0%,0%,0%,10%,10%,20.0%,,
T4 300,U,,2.5,,,2,,,F,2.9,1,1,2.6,,,,,,,,,,,,
T4 300,U,,2.6,,,0,,,S,2.9,1,1,2.6,,,,,,,,,,,,
T4 300,U,,4.5,,,2,,,F,2.9,1,1,2.6,,,,,,,,,,,,
T4 300,U,,3,,,1,,,F,2.9,2,1,2.6,,,,,,,,,,,,
T4 300,U,,2.5,,,1,,,F,2.9,0,1,2.6,,,,,,,,,,,,
T4 300,U,,2.8,,,2,,,F,2.9,1,1,2.6,,,,,,,,,,,,
T4 300,U,,1.5,,,0,,,S,2.9,1,1,2.7,,,,,,,,,,,,
T4 300,U,,3.2,,,2,,,F,2.9,1,1,2.8,,,,,,,,,,,,
T4 300,U,,3,,,0,,,S,2.9,1,1,2.8,,,,,,,,,,,,
T4 315,,0,,,,,,,,2.9,0,1,2.8,0%,0%,0%,0%,0%,0%,0%,0%,5%,5.0%,,
T4 330,,0,,,,,,,,2.9,0,1,2.8,0%,0%,0%,0%,0%,0%,0%,0%,0%,0.0%,,
T4 345,O,0,1.3,,,0,,,S,3,1,1,2.8,20%,0%,0%,0%,0%,0%,0%,20%,10%,30.0%,,
T4 345,O,,3,,,0,,,S,3,1,1,2.8,,,,,,,,,,,,
T4 345,O,,2.4,,,0,,,S,3,0,1,2.8,,,,,,,,,,,,
T4 345,O,,1.6,,,0,,,S,3,0,1,2.8,,,,,,,,,,,,
T4 345,O,,2,,,0,,,S,3,0,1,2.8,,,,,,,,,,,,
T4 345,O,,1.9,,,0,,,S,3,0,1,2.8,,,,,,,,,,,,
T4 345,O,,2.3,,,0,,,S,3,0,1,2.8,,,,,,,,,,,,
T4 345,O,,1.2,,,0,,,S,3,1,1,2.8,,,,,,,,,,,,
T4 345,O,,0.6,,,0,,,S,3,1,1,2.8,,,,,,,,,,,,
T4 345,O,,1.3,,,0,,,S,3,0,1,2.8,,,,,,,,,,,,
T4 360,,0,,,,,,,,3,0,1,2.8,0%,0%,0%,0%,0%,0%,0%,0%,5%,5.0%,,
T4 375,U,0,2.5,,,0,,,S,3,0,1,2.9,20%,0%,2.50%,0%,0%,0%,0%,22.5%,0%,22.5%,,
T4 375,U,,2,,,0,,,S,3,0,1,2.9,,,,,,,,,,,,
T4 375,U,,1.8,,,0,,,S,3,1,1,2.9,,,,,,,,,,,,
T4 375,U,,2.1,,,0,,,S,3,2,1,2.9,,,,,,,,,,,,
T4 375,U,,2.4,,,0,,,S,3,1,1,2.9,,,,,,,,,,,,
T4 375,U,,2.5,,,1,,,F,3,1,1,2.9,,,,,,,,,,,,
T4 375,U,,1.8,,,0,,,S,3,0,1,2.9,,,,,,,,,,,,
T4 375,U,,1.6,,,0,,,S,3,0,1,2.9,,,,,,,,,,,,
T4 375,U,,2.4,,,1,,,F,3,0,1,3,,,,,,,,,,,,
T4 375,U,,1.5,,,0,,,S,3,0,1,3,,,,,,,,,,,,
T4 390,,0,,,,,,,,3.1,1,1,3,0%,0%,0%,0%,0%,0%,0%,0%,0%,0.0%,,
T4 405,,0,,,,,,,,3.1,0,1,3,0%,0%,0%,0%,0%,0%,0%,0%,0%,0.0%,,
T4 420,,0,,,,,,,,3.1,0,1,3,0%,0%,0%,0%,0%,0%,0%,0%,0%,0.0%,,
T4 435,U,0,1.1,,,0,,,S,3.1,0,1,3,2.50%,0%,0%,0%,0%,0%,0%,2.5%,60%,62.5%,,
T4 435,U,,0.8,,,0,,,S,3.1,0,1,3,,,,,,,,,,,,
T4 435,U,,0.8,,,0,,,S,3.1,0,1,3.1,,,,,,,,,,,,
T4 435,U,,1,,,0,,,S,3.1,0,1,3.2,,,,,,,,,,,,
T4 435,U,,2.3,,,0,,,S,3.2,2,1,3.2,,,,,,,,,,,,
T4 435,U,,0.6,,,0,,,S,3.2,0,1,3.2,,,,,,,,,,,,
T4 435,U,,1,,,0,,,S,3.2,0,1,3.3,,,,,,,,,,,,
T4 435,U,,0.6,,,0,,,S,3.2,1,1,3.4,,,,,,,,,,,,
T4 435,U,,0.5,,,0,,,S,3.2,1,1,3.4,,,,,,,,,,,,
T4 435,U,,0.8,,,0,,,S,3.2,0,1,3.5,,,,,,,,,,,,
T4 450,O,0,1.3,,,0,,,S,3.2,0,1,3.5,5%,0%,0%,0%,0%,0%,0%,5%,40%,45.0%,,
T4 450,O,,1.7,,,0,,,S,3.2,1,1,3.9,,,,,,,,,,,,
T4 450,O,,2,,,0,,,S,3.2,2,1,4.2,,,,,,,,,,,,
T4 450,O,,2.2,,,0,,,S,3.2,0,2,1.1,,,,,,,,,,,,
T4 450,O,,2,,,0,,,S,3.2,0,2,1.4,,,,,,,,,,,,
T4 450,O,,0.7,,,0,,,S,3.2,2,2,2.5,,,,,,,,,,,,
T4 450,O,,0.8,,,0,,,S,3.3,0,2,2.5,,,,,,,,,,,,
T4 450,O,,0.9,,,0,,,S,3.3,0,2,2.6,,,,,,,,,,,,
T4 450,O,,1.8,,,0,,,S,3.3,0,2,2.7,,,,,,,,,,,,
T4 450,O,,1.8,,,0,,,S,3.3,1,2,2.7,,,,,,,,,,,,
T4 465,U,0,2,,,1,,,F,3.4,1,2,2.8,10%,0%,0%,0%,0%,0%,0%,10%,30%,40.0%,,
T4 465,U,,2,,,1,,,F,3.4,2,2,2.9,,,,,,,,,,,,
T4 465,U,,2.1,,,0,,,S,3.4,1,2,3,,,,,,,,,,,,
T4 465,U,,2.4,,,1,,,F,3.5,1,2,3.2,,,,,,,,,,,,
T4 465,U,,2.8,,,1,,,F,3.5,1,2,3.2,,,,,,,,,,,,
T4 465,U,,2.4,,,0,,,S,3.5,0,2,3.2,,,,,,,,,,,,
T4 465,U,,2.3,,,0,,,S,3.6,2,2,3.4,,,,,,,,,,,,
T4 465,U,,2.2,,,1,,,F,3.6,3,2,3.6,,,,,,,,,,,,
T4 465,U,,1.8,,,1,,,F,3.7,0,2,4.5,,,,,,,,,,,,
T4 465,U,,1.8,,,0,,,S,3.9,1,3,2.8,,,,,,,,,,,,
T4 480,,0,,,,,,,,4,0,3,2.8,0%,2.50%,0%,0%,0%,0%,0%,2.50%,10%,12.5%,,
T4 495,,0,,,,,,,,4,4,3,2.8,0%,0%,0%,0%,0%,0%,0%,0%,0%,0.0%,,
T4 510,I,0,1.9,,,0,,,S,4.2,1,3,3.6,2.50%,0%,0%,0%,0%,0%,0%,2.5%,10%,12.5%,,
T4 510,I,,2.8,,,0,,,S,4.5,2,4,4,,,,,,,,,,,,
T4 510,I,,2.7,,,0,,,S,,,,,,,,,,,,,,,,
T4 510,I,,1.5,,,0,,,S,,,,,,,,,,,,,,,,
T4 510,I,,2.3,,,0,,,S,,,,,,,,,,,,,,,,
T4 510,I,,1.9,,,0,,,S,,,,,,,,,,,,,,,,
T4 510,I,,1.8,,,0,,,S,,,,,,,,,,,,,,,,
T4 510,I,,2.1,,,0,,,S,,,,,,,,,,,,,,,,
T4 510,I,,2,,,0,,,S,,,,,,,,,,,,,,,,
T4 510,I,,1.8,,,0,,,S,,,,,,,,,,,,,,,,
T4 525,I,0,1.9,,,1,,,F,,,,,2.50%,0%,0%,0%,0%,0%,0%,2.50%,2.5%,5.0%,,
T4 525,I,,1.9,,,1,,,F,,,,,,,,,,,,,,,,
T4 525,I,,2,,,0,,,S,,,,,,,,,,,,,,,,
T4 525,I,,1.8,,,0,,,S,,,,,,,,,,,,,,,,
T4 525,I,,2,,,0,,,S,,,,,,,,,,,,,,,,
T4 525,I,,2,,,1,,,F,,,,,,,,,,,,,,,,
T4 525,I,,2.3,,,0,,,S,,,,,,,,,,,,,,,,
T4 525,I,,2,,,0,,,S,,,,,,,,,,,,,,,,
T4 525,I,,1.2,,,0,,,S,,,,,,,,,,,,,,,,
T4 525,I,,0.8,,,0,,,S,,,,,,,,,,,,,,,,
T4 540,,0,,,,,,,,,,,,0%,0%,2.50%,0%,0%,0%,0%,2.5%,0%,2.5%,,
T4 555,,0,,,,,,,,,,,,0%,0%,0%,0%,0%,0%,0%,0%,0%,0.0%,,
T4 570,,0,,,,,,,,,,,,0%,0%,0%,0%,0%,0%,0%,0%,10%,10.0%,,
T4 585,I,0,2.2,,,0,,,S,,,,,20%,0%,0%,0%,0%,0%,0%,20%,0%,20.0%,,
T4 585,I,,2.2,,,0,,,S,,,,,,,,,,,,,,,,
T4 585,I,,2.8,,,1,,,M,,,,,,,,,,,,,,,,
T4 585,I,,2.6,,,1,,,M,,,,,,,,,,,,,,,,
T4 585,I,,2.5,,,0,,,S,,,,,,,,,,,,,,,,
T4 585,I,,2.8,,,1,,,M,,,,,,,,,,,,,,,,
T4 585,I,,2.3,,,0,,,S,,,,,,,,,,,,,,,,
T4 585,I,,2.9,,,0,,,S,,,,,,,,,,,,,,,,
T4 585,I,,2.5,,,1,,,M,,,,,,,,,,,,,,,,
T4 585,I,,2.8,,,1,,,M,,,,,,,,,,,,,,,,
T4 600,I,0,1.5,,,0,,,S,,,,,2.50%,0%,0%,0%,0%,0%,0%,2.50%,10%,12.5%,,
T4 600,I,,1,,,0,,,S,,,,,,,,,,,,,,,,
T4 600,I,,1.6,,,0,,,S,,,,,,,,,,,,,,,,
T4 600,I,,1.6,,,0,,,S,,,,,,,,,,,,,,,,
T4 600,I,,1,,,0,,,S,,,,,,,,,,,,,,,,
T4 600,I,,1.5,,,0,,,S,,,,,,,,,,,,,,,,
T4 600,I,,0.9,,,0,,,S,,,,,,,,,,,,,,,,
T4 600,I,,1,,,0,,,S,,,,,,,,,,,,,,,,
T4 600,I,,0.8,,,0,,,S,,,,,,,,,,,,,,,,
T4 600,I,,1.1,,,0,,,S,,,,,,,,,,,,,,,,
T4 615,,0,,,,,,,,,,,,0%,0%,0%,0%,0%,0%,0%,0%,0%,0.0%,,
T4 630,O,0,1.8,,,0,,,S,,,,,10%,0%,0%,0%,0%,0%,0%,10%,10%,20.0%,,
T4 630,O,,1.3,,,0,,,S,,,,,,,,,,,,,,,,
T4 630,O,,1.8,,,0,,,S,,,,,,,,,,,,,,,,
T4 630,O,,1.3,,,0,,,S,,,,,,,,,,,,,,,,
T4 630,O,,1.7,,,0,,,S,,,,,,,,,,,,,,,,
T4 630,O,,1.9,,,0,,,S,,,,,,,,,,,,,,,,
T4 630,O,,1.8,,,0,,,S,,,,,,,,,,,,,,,,
T4 630,O,,1.7,,,0,,,S,,,,,,,,,,,,,,,,
T4 630,O,,1.6,,,0,,,S,,,,,,,,,,,,,,,,
T4 630,O,,1.2,,,0,,,S,,,,,,,,,,,,,,,,
T4 645,,0,,,,,,,,,,,,0%,0%,0%,0%,0%,0%,0%,0%,0%,0.0%,,
T4 660,,0,,,,,,,,,,,,0%,0%,0%,0%,0%,0%,0%,0%,10%,10.0%,,
T4 675,O,0,1.3,,,0,,,S,,,,,20%,0%,0%,0%,0%,0%,0%,20%,5%,25.0%,,
T4 675,O,,1,,,1,,,F,,,,,,,,,,,,,,,,
T4 675,O,,2.1,,,0,,,S,,,,,,,,,,,,,,,,
T4 675,O,,2.3,,,0,,,S,,,,,,,,,,,,,,,,
T4 675,O,,1.5,,,0,,,S,,,,,,,,,,,,,,,,
T4 675,O,,0.8,,,0,,,S,,,,,,,,,,,,,,,,
T4 675,O,,1.4,,,0,,,S,,,,,,,,,,,,,,,,
T4 675,O,,1.8,,,0,,,S,,,,,,,,,,,,,,,,
T4 675,O,,1.2,,,0,,,S,,,,,,,,,,,,,,,,
T4 675,O,,1.1,,,0,,,S,,,,,,,,,,,,,,,,
T4 690,U,0,2.2,,,0,,,S,,,,,2.50%,0%,0%,0%,0%,0%,0%,2.50%,0%,2.5%,,
T4 690,U,,1.5,,,0,,,S,,,,,,,,,,,,,,,,
T4 690,U,,2.1,,,0,,,S,,,,,,,,,,,,,,,,
T4 690,U,,3,,,0,,,S,,,,,,,,,,,,,,,,
T4 690,U,,2.2,,,0,,,S,,,,,,,,,,,,,,,,
T4 690,U,,3,,,0,,,S,,,,,,,,,,,,,,,,
T4 690,U,,1.4,,,0,,,S,,,,,,,,,,,,,,,,
T4 690,U,,1.6,,,0,,,S,,,,,,,,,,,,,,,,
T4 690,U,,1.4,,,0,,,S,,,,,,,,,,,,,,,,
T4 690,U,,1.6,,,0,,,S,,,,,,,,,,,,,,,,
T4 705,,0,,,,,,,,,,,,0%,0%,0%,0%,0%,0%,0%,0%,0%,0%,,
T4 720,,0,,,,,,,,,,,,0%,0%,0%,0%,0%,0%,0%,0%,0%,0%,,
T4 735,,0,,,,,,,,,,,,0%,0%,0%,0%,0%,0%,0%,0%,0%,0%,,
T4 750,,0,,,,,,,,,,,,0%,0%,0%,0%,0%,0%,0%,0%,0%,0%,,
T4 765,,0,,,,,,,,,,,,0%,0%,0%,0%,0%,0%,0%,0%,0%,0%,,